filepath,label,filename,extension
Lumpy Skin Images Dataset/Lumpy Skin/Lumpy_Skin.png,Lumpy Skin,Lumpy_Skin.png,.png
Lumpy Skin Images Dataset/Lumpy Skin/Lumpy_Skin_10.png,Lumpy Skin,Lumpy_Skin_10.png,.png
Lumpy Skin Images Dataset/Lumpy Skin/Lumpy_Skin_100.png,Lumpy Skin,Lumpy_Skin_100.png,.png
Lumpy Skin Images Dataset/Lumpy Skin/Lumpy_Skin_101.png,Lumpy Skin,Lumpy_Skin_101.png,.png
Lumpy Skin Images Dataset/Lumpy Skin/Lumpy_Skin_102.png,Lumpy Skin,Lumpy_Skin_102.png,.png
Lumpy Skin Images Dataset/Lumpy Skin/Lumpy_Skin_103.png,Lumpy Skin,Lumpy_Skin_103.png,.png
Lumpy Skin Images Dataset/Lumpy Skin/Lumpy_Skin_104.png,Lumpy Skin,Lumpy_Skin_104.png,.png
Lumpy Skin Images Dataset/Lumpy Skin/Lumpy_Skin_105.png,Lumpy Skin,Lumpy_Skin_105.png,.png
Lumpy Skin Images Dataset/Lumpy Skin/Lumpy_Skin_106.png,Lumpy Skin,Lumpy_Skin_106.png,.png
Lumpy Skin Images Dataset/Lumpy Skin/Lumpy_Skin_107.png,Lumpy Skin,Lumpy_Skin_107.png,.png
Lumpy Skin Images Dataset/Lumpy Skin/Lumpy_Skin_108.png,Lumpy Skin,Lumpy_Skin_108.png,.png
Lumpy Skin Images Dataset/Lumpy Skin/Lumpy_Skin_109.png,Lumpy Skin,Lumpy_Skin_109.png,.png
Lumpy Skin Images Dataset/Lumpy Skin/Lumpy_Skin_11.png,Lumpy Skin,Lumpy_Skin_11.png,.png
Lumpy Skin Images Dataset/Lumpy Skin/Lumpy_Skin_110.png,Lumpy Skin,Lumpy_Skin_110.png,.png
Lumpy Skin Images Dataset/Lumpy Skin/Lumpy_Skin_111.png,Lumpy Skin,Lumpy_Skin_111.png,.png
Lumpy Skin Images Dataset/Lumpy Skin/Lumpy_Skin_112.png,Lumpy Skin,Lumpy_Skin_112.png,.png
Lumpy Skin Images Dataset/Lumpy Skin/Lumpy_Skin_113.png,Lumpy Skin,Lumpy_Skin_113.png,.png
Lumpy Skin Images Dataset/Lumpy Skin/Lumpy_Skin_114.png,Lumpy Skin,Lumpy_Skin_114.png,.png
Lumpy Skin Images Dataset/Lumpy Skin/Lumpy_Skin_115.png,Lumpy Skin,Lumpy_Skin_115.png,.png
Lumpy Skin Images Dataset/Lumpy Skin/Lumpy_Skin_116.png,Lumpy Skin,Lumpy_Skin_116.png,.png
Lumpy Skin Images Dataset/Lumpy Skin/Lumpy_Skin_117.png,Lumpy Skin,Lumpy_Skin_117.png,.png
Lumpy Skin Images Dataset/Lumpy Skin/Lumpy_Skin_118.png,Lumpy Skin,Lumpy_Skin_118.png,.png
Lumpy Skin Images Dataset/Lumpy Skin/Lumpy_Skin_119.png,Lumpy Skin,Lumpy_Skin_119.png,.png
Lumpy Skin Images Dataset/Lumpy Skin/Lumpy_Skin_12.png,Lumpy Skin,Lumpy_Skin_12.png,.png
Lumpy Skin Images Dataset/Lumpy Skin/Lumpy_Skin_120.png,Lumpy Skin,Lumpy_Skin_120.png,.png
Lumpy Skin Images Dataset/Lumpy Skin/Lumpy_Skin_121.png,Lumpy Skin,Lumpy_Skin_121.png,.png
Lumpy Skin Images Dataset/Lumpy Skin/Lumpy_Skin_122.png,Lumpy Skin,Lumpy_Skin_122.png,.png
Lumpy Skin Images Dataset/Lumpy Skin/Lumpy_Skin_123.png,Lumpy Skin,Lumpy_Skin_123.png,.png
Lumpy Skin Images Dataset/Lumpy Skin/Lumpy_Skin_124.png,Lumpy Skin,Lumpy_Skin_124.png,.png
Lumpy Skin Images Dataset/Lumpy Skin/Lumpy_Skin_125.png,Lumpy Skin,Lumpy_Skin_125.png,.png
Lumpy Skin Images Dataset/Lumpy Skin/Lumpy_Skin_126.png,Lumpy Skin,Lumpy_Skin_126.png,.png
Lumpy Skin Images Dataset/Lumpy Skin/Lumpy_Skin_127.png,Lumpy Skin,Lumpy_Skin_127.png,.png
Lumpy Skin Images Dataset/Lumpy Skin/Lumpy_Skin_128.png,Lumpy Skin,Lumpy_Skin_128.png,.png
Lumpy Skin Images Dataset/Lumpy Skin/Lumpy_Skin_129.png,Lumpy Skin,Lumpy_Skin_129.png,.png
Lumpy Skin Images Dataset/Lumpy Skin/Lumpy_Skin_13.png,Lumpy Skin,Lumpy_Skin_13.png,.png
Lumpy Skin Images Dataset/Lumpy Skin/Lumpy_Skin_130.png,Lumpy Skin,Lumpy_Skin_130.png,.png
Lumpy Skin Images Dataset/Lumpy Skin/Lumpy_Skin_131.png,Lumpy Skin,Lumpy_Skin_131.png,.png
Lumpy Skin Images Dataset/Lumpy Skin/Lumpy_Skin_132.png,Lumpy Skin,Lumpy_Skin_132.png,.png
Lumpy Skin Images Dataset/Lumpy Skin/Lumpy_Skin_133.png,Lumpy Skin,Lumpy_Skin_133.png,.png
Lumpy Skin Images Dataset/Lumpy Skin/Lumpy_Skin_134.png,Lumpy Skin,Lumpy_Skin_134.png,.png
Lumpy Skin Images Dataset/Lumpy Skin/Lumpy_Skin_135.png,Lumpy Skin,Lumpy_Skin_135.png,.png
Lumpy Skin Images Dataset/Lumpy Skin/Lumpy_Skin_136.png,Lumpy Skin,Lumpy_Skin_136.png,.png
Lumpy Skin Images Dataset/Lumpy Skin/Lumpy_Skin_137.png,Lumpy Skin,Lumpy_Skin_137.png,.png
Lumpy Skin Images Dataset/Lumpy Skin/Lumpy_Skin_138.png,Lumpy Skin,Lumpy_Skin_138.png,.png
Lumpy Skin Images Dataset/Lumpy Skin/Lumpy_Skin_139.png,Lumpy Skin,Lumpy_Skin_139.png,.png
Lumpy Skin Images Dataset/Lumpy Skin/Lumpy_Skin_14.png,Lumpy Skin,Lumpy_Skin_14.png,.png
Lumpy Skin Images Dataset/Lumpy Skin/Lumpy_Skin_140.png,Lumpy Skin,Lumpy_Skin_140.png,.png
Lumpy Skin Images Dataset/Lumpy Skin/Lumpy_Skin_141.png,Lumpy Skin,Lumpy_Skin_141.png,.png
Lumpy Skin Images Dataset/Lumpy Skin/Lumpy_Skin_142.png,Lumpy Skin,Lumpy_Skin_142.png,.png
Lumpy Skin Images Dataset/Lumpy Skin/Lumpy_Skin_143.png,Lumpy Skin,Lumpy_Skin_143.png,.png
Lumpy Skin Images Dataset/Lumpy Skin/Lumpy_Skin_144.png,Lumpy Skin,Lumpy_Skin_144.png,.png
Lumpy Skin Images Dataset/Lumpy Skin/Lumpy_Skin_145.png,Lumpy Skin,Lumpy_Skin_145.png,.png
Lumpy Skin Images Dataset/Lumpy Skin/Lumpy_Skin_146.png,Lumpy Skin,Lumpy_Skin_146.png,.png
Lumpy Skin Images Dataset/Lumpy Skin/Lumpy_Skin_147.png,Lumpy Skin,Lumpy_Skin_147.png,.png
Lumpy Skin Images Dataset/Lumpy Skin/Lumpy_Skin_148.png,Lumpy Skin,Lumpy_Skin_148.png,.png
Lumpy Skin Images Dataset/Lumpy Skin/Lumpy_Skin_149.png,Lumpy Skin,Lumpy_Skin_149.png,.png
Lumpy Skin Images Dataset/Lumpy Skin/Lumpy_Skin_15.png,Lumpy Skin,Lumpy_Skin_15.png,.png
Lumpy Skin Images Dataset/Lumpy Skin/Lumpy_Skin_150.png,Lumpy Skin,Lumpy_Skin_150.png,.png
Lumpy Skin Images Dataset/Lumpy Skin/Lumpy_Skin_151.png,Lumpy Skin,Lumpy_Skin_151.png,.png
Lumpy Skin Images Dataset/Lumpy Skin/Lumpy_Skin_152.png,Lumpy Skin,Lumpy_Skin_152.png,.png
Lumpy Skin Images Dataset/Lumpy Skin/Lumpy_Skin_153.png,Lumpy Skin,Lumpy_Skin_153.png,.png
Lumpy Skin Images Dataset/Lumpy Skin/Lumpy_Skin_154.png,Lumpy Skin,Lumpy_Skin_154.png,.png
Lumpy Skin Images Dataset/Lumpy Skin/Lumpy_Skin_155.png,Lumpy Skin,Lumpy_Skin_155.png,.png
Lumpy Skin Images Dataset/Lumpy Skin/Lumpy_Skin_156.png,Lumpy Skin,Lumpy_Skin_156.png,.png
Lumpy Skin Images Dataset/Lumpy Skin/Lumpy_Skin_157.png,Lumpy Skin,Lumpy_Skin_157.png,.png
Lumpy Skin Images Dataset/Lumpy Skin/Lumpy_Skin_158.png,Lumpy Skin,Lumpy_Skin_158.png,.png
Lumpy Skin Images Dataset/Lumpy Skin/Lumpy_Skin_159.png,Lumpy Skin,Lumpy_Skin_159.png,.png
Lumpy Skin Images Dataset/Lumpy Skin/Lumpy_Skin_16.png,Lumpy Skin,Lumpy_Skin_16.png,.png
Lumpy Skin Images Dataset/Lumpy Skin/Lumpy_Skin_160.png,Lumpy Skin,Lumpy_Skin_160.png,.png
Lumpy Skin Images Dataset/Lumpy Skin/Lumpy_Skin_161.png,Lumpy Skin,Lumpy_Skin_161.png,.png
Lumpy Skin Images Dataset/Lumpy Skin/Lumpy_Skin_162.png,Lumpy Skin,Lumpy_Skin_162.png,.png
Lumpy Skin Images Dataset/Lumpy Skin/Lumpy_Skin_163.png,Lumpy Skin,Lumpy_Skin_163.png,.png
Lumpy Skin Images Dataset/Lumpy Skin/Lumpy_Skin_164.png,Lumpy Skin,Lumpy_Skin_164.png,.png
Lumpy Skin Images Dataset/Lumpy Skin/Lumpy_Skin_165.png,Lumpy Skin,Lumpy_Skin_165.png,.png
Lumpy Skin Images Dataset/Lumpy Skin/Lumpy_Skin_166.png,Lumpy Skin,Lumpy_Skin_166.png,.png
Lumpy Skin Images Dataset/Lumpy Skin/Lumpy_Skin_167.png,Lumpy Skin,Lumpy_Skin_167.png,.png
Lumpy Skin Images Dataset/Lumpy Skin/Lumpy_Skin_168.png,Lumpy Skin,Lumpy_Skin_168.png,.png
Lumpy Skin Images Dataset/Lumpy Skin/Lumpy_Skin_169.png,Lumpy Skin,Lumpy_Skin_169.png,.png
Lumpy Skin Images Dataset/Lumpy Skin/Lumpy_Skin_17.png,Lumpy Skin,Lumpy_Skin_17.png,.png
Lumpy Skin Images Dataset/Lumpy Skin/Lumpy_Skin_170.png,Lumpy Skin,Lumpy_Skin_170.png,.png
Lumpy Skin Images Dataset/Lumpy Skin/Lumpy_Skin_171.png,Lumpy Skin,Lumpy_Skin_171.png,.png
Lumpy Skin Images Dataset/Lumpy Skin/Lumpy_Skin_172.png,Lumpy Skin,Lumpy_Skin_172.png,.png
Lumpy Skin Images Dataset/Lumpy Skin/Lumpy_Skin_173.png,Lumpy Skin,Lumpy_Skin_173.png,.png
Lumpy Skin Images Dataset/Lumpy Skin/Lumpy_Skin_174.png,Lumpy Skin,Lumpy_Skin_174.png,.png
Lumpy Skin Images Dataset/Lumpy Skin/Lumpy_Skin_175.png,Lumpy Skin,Lumpy_Skin_175.png,.png
Lumpy Skin Images Dataset/Lumpy Skin/Lumpy_Skin_176.png,Lumpy Skin,Lumpy_Skin_176.png,.png
Lumpy Skin Images Dataset/Lumpy Skin/Lumpy_Skin_177.png,Lumpy Skin,Lumpy_Skin_177.png,.png
Lumpy Skin Images Dataset/Lumpy Skin/Lumpy_Skin_178.png,Lumpy Skin,Lumpy_Skin_178.png,.png
Lumpy Skin Images Dataset/Lumpy Skin/Lumpy_Skin_179.png,Lumpy Skin,Lumpy_Skin_179.png,.png
Lumpy Skin Images Dataset/Lumpy Skin/Lumpy_Skin_18.png,Lumpy Skin,Lumpy_Skin_18.png,.png
Lumpy Skin Images Dataset/Lumpy Skin/Lumpy_Skin_180.png,Lumpy Skin,Lumpy_Skin_180.png,.png
Lumpy Skin Images Dataset/Lumpy Skin/Lumpy_Skin_181.png,Lumpy Skin,Lumpy_Skin_181.png,.png
Lumpy Skin Images Dataset/Lumpy Skin/Lumpy_Skin_182.png,Lumpy Skin,Lumpy_Skin_182.png,.png
Lumpy Skin Images Dataset/Lumpy Skin/Lumpy_Skin_183.png,Lumpy Skin,Lumpy_Skin_183.png,.png
Lumpy Skin Images Dataset/Lumpy Skin/Lumpy_Skin_184.png,Lumpy Skin,Lumpy_Skin_184.png,.png
Lumpy Skin Images Dataset/Lumpy Skin/Lumpy_Skin_185.png,Lumpy Skin,Lumpy_Skin_185.png,.png
Lumpy Skin Images Dataset/Lumpy Skin/Lumpy_Skin_186.png,Lumpy Skin,Lumpy_Skin_186.png,.png
Lumpy Skin Images Dataset/Lumpy Skin/Lumpy_Skin_187.png,Lumpy Skin,Lumpy_Skin_187.png,.png
Lumpy Skin Images Dataset/Lumpy Skin/Lumpy_Skin_188.png,Lumpy Skin,Lumpy_Skin_188.png,.png
Lumpy Skin Images Dataset/Lumpy Skin/Lumpy_Skin_189.png,Lumpy Skin,Lumpy_Skin_189.png,.png
Lumpy Skin Images Dataset/Lumpy Skin/Lumpy_Skin_19.png,Lumpy Skin,Lumpy_Skin_19.png,.png
Lumpy Skin Images Dataset/Lumpy Skin/Lumpy_Skin_190.png,Lumpy Skin,Lumpy_Skin_190.png,.png
Lumpy Skin Images Dataset/Lumpy Skin/Lumpy_Skin_191.png,Lumpy Skin,Lumpy_Skin_191.png,.png
Lumpy Skin Images Dataset/Lumpy Skin/Lumpy_Skin_192.png,Lumpy Skin,Lumpy_Skin_192.png,.png
Lumpy Skin Images Dataset/Lumpy Skin/Lumpy_Skin_193.png,Lumpy Skin,Lumpy_Skin_193.png,.png
Lumpy Skin Images Dataset/Lumpy Skin/Lumpy_Skin_194.png,Lumpy Skin,Lumpy_Skin_194.png,.png
Lumpy Skin Images Dataset/Lumpy Skin/Lumpy_Skin_195.png,Lumpy Skin,Lumpy_Skin_195.png,.png
Lumpy Skin Images Dataset/Lumpy Skin/Lumpy_Skin_196.png,Lumpy Skin,Lumpy_Skin_196.png,.png
Lumpy Skin Images Dataset/Lumpy Skin/Lumpy_Skin_197.png,Lumpy Skin,Lumpy_Skin_197.png,.png
Lumpy Skin Images Dataset/Lumpy Skin/Lumpy_Skin_198.png,Lumpy Skin,Lumpy_Skin_198.png,.png
Lumpy Skin Images Dataset/Lumpy Skin/Lumpy_Skin_199.png,Lumpy Skin,Lumpy_Skin_199.png,.png
Lumpy Skin Images Dataset/Lumpy Skin/Lumpy_Skin_2.png,Lumpy Skin,Lumpy_Skin_2.png,.png
Lumpy Skin Images Dataset/Lumpy Skin/Lumpy_Skin_20.png,Lumpy Skin,Lumpy_Skin_20.png,.png
Lumpy Skin Images Dataset/Lumpy Skin/Lumpy_Skin_200.png,Lumpy Skin,Lumpy_Skin_200.png,.png
Lumpy Skin Images Dataset/Lumpy Skin/Lumpy_Skin_201.png,Lumpy Skin,Lumpy_Skin_201.png,.png
Lumpy Skin Images Dataset/Lumpy Skin/Lumpy_Skin_202.png,Lumpy Skin,Lumpy_Skin_202.png,.png
Lumpy Skin Images Dataset/Lumpy Skin/Lumpy_Skin_203.png,Lumpy Skin,Lumpy_Skin_203.png,.png
Lumpy Skin Images Dataset/Lumpy Skin/Lumpy_Skin_204.png,Lumpy Skin,Lumpy_Skin_204.png,.png
Lumpy Skin Images Dataset/Lumpy Skin/Lumpy_Skin_205.png,Lumpy Skin,Lumpy_Skin_205.png,.png
Lumpy Skin Images Dataset/Lumpy Skin/Lumpy_Skin_206.png,Lumpy Skin,Lumpy_Skin_206.png,.png
Lumpy Skin Images Dataset/Lumpy Skin/Lumpy_Skin_207.png,Lumpy Skin,Lumpy_Skin_207.png,.png
Lumpy Skin Images Dataset/Lumpy Skin/Lumpy_Skin_208.png,Lumpy Skin,Lumpy_Skin_208.png,.png
Lumpy Skin Images Dataset/Lumpy Skin/Lumpy_Skin_209.png,Lumpy Skin,Lumpy_Skin_209.png,.png
Lumpy Skin Images Dataset/Lumpy Skin/Lumpy_Skin_21.png,Lumpy Skin,Lumpy_Skin_21.png,.png
Lumpy Skin Images Dataset/Lumpy Skin/Lumpy_Skin_210.png,Lumpy Skin,Lumpy_Skin_210.png,.png
Lumpy Skin Images Dataset/Lumpy Skin/Lumpy_Skin_211.png,Lumpy Skin,Lumpy_Skin_211.png,.png
Lumpy Skin Images Dataset/Lumpy Skin/Lumpy_Skin_212.png,Lumpy Skin,Lumpy_Skin_212.png,.png
Lumpy Skin Images Dataset/Lumpy Skin/Lumpy_Skin_213.png,Lumpy Skin,Lumpy_Skin_213.png,.png
Lumpy Skin Images Dataset/Lumpy Skin/Lumpy_Skin_214.png,Lumpy Skin,Lumpy_Skin_214.png,.png
Lumpy Skin Images Dataset/Lumpy Skin/Lumpy_Skin_215.png,Lumpy Skin,Lumpy_Skin_215.png,.png
Lumpy Skin Images Dataset/Lumpy Skin/Lumpy_Skin_216.png,Lumpy Skin,Lumpy_Skin_216.png,.png
Lumpy Skin Images Dataset/Lumpy Skin/Lumpy_Skin_217.png,Lumpy Skin,Lumpy_Skin_217.png,.png
Lumpy Skin Images Dataset/Lumpy Skin/Lumpy_Skin_218.png,Lumpy Skin,Lumpy_Skin_218.png,.png
Lumpy Skin Images Dataset/Lumpy Skin/Lumpy_Skin_219.png,Lumpy Skin,Lumpy_Skin_219.png,.png
Lumpy Skin Images Dataset/Lumpy Skin/Lumpy_Skin_220.png,Lumpy Skin,Lumpy_Skin_220.png,.png
Lumpy Skin Images Dataset/Lumpy Skin/Lumpy_Skin_221.png,Lumpy Skin,Lumpy_Skin_221.png,.png
Lumpy Skin Images Dataset/Lumpy Skin/Lumpy_Skin_222.png,Lumpy Skin,Lumpy_Skin_222.png,.png
Lumpy Skin Images Dataset/Lumpy Skin/Lumpy_Skin_223.png,Lumpy Skin,Lumpy_Skin_223.png,.png
Lumpy Skin Images Dataset/Lumpy Skin/Lumpy_Skin_224.png,Lumpy Skin,Lumpy_Skin_224.png,.png
Lumpy Skin Images Dataset/Lumpy Skin/Lumpy_Skin_225.png,Lumpy Skin,Lumpy_Skin_225.png,.png
Lumpy Skin Images Dataset/Lumpy Skin/Lumpy_Skin_226.png,Lumpy Skin,Lumpy_Skin_226.png,.png
Lumpy Skin Images Dataset/Lumpy Skin/Lumpy_Skin_227.png,Lumpy Skin,Lumpy_Skin_227.png,.png
Lumpy Skin Images Dataset/Lumpy Skin/Lumpy_Skin_228.png,Lumpy Skin,Lumpy_Skin_228.png,.png
Lumpy Skin Images Dataset/Lumpy Skin/Lumpy_Skin_229.png,Lumpy Skin,Lumpy_Skin_229.png,.png
Lumpy Skin Images Dataset/Lumpy Skin/Lumpy_Skin_23.png,Lumpy Skin,Lumpy_Skin_23.png,.png
Lumpy Skin Images Dataset/Lumpy Skin/Lumpy_Skin_230.png,Lumpy Skin,Lumpy_Skin_230.png,.png
Lumpy Skin Images Dataset/Lumpy Skin/Lumpy_Skin_231.png,Lumpy Skin,Lumpy_Skin_231.png,.png
Lumpy Skin Images Dataset/Lumpy Skin/Lumpy_Skin_232.png,Lumpy Skin,Lumpy_Skin_232.png,.png
Lumpy Skin Images Dataset/Lumpy Skin/Lumpy_Skin_233.png,Lumpy Skin,Lumpy_Skin_233.png,.png
Lumpy Skin Images Dataset/Lumpy Skin/Lumpy_Skin_234.png,Lumpy Skin,Lumpy_Skin_234.png,.png
Lumpy Skin Images Dataset/Lumpy Skin/Lumpy_Skin_235.png,Lumpy Skin,Lumpy_Skin_235.png,.png
Lumpy Skin Images Dataset/Lumpy Skin/Lumpy_Skin_236.png,Lumpy Skin,Lumpy_Skin_236.png,.png
Lumpy Skin Images Dataset/Lumpy Skin/Lumpy_Skin_237.png,Lumpy Skin,Lumpy_Skin_237.png,.png
Lumpy Skin Images Dataset/Lumpy Skin/Lumpy_Skin_238.png,Lumpy Skin,Lumpy_Skin_238.png,.png
Lumpy Skin Images Dataset/Lumpy Skin/Lumpy_Skin_239.png,Lumpy Skin,Lumpy_Skin_239.png,.png
Lumpy Skin Images Dataset/Lumpy Skin/Lumpy_Skin_24.png,Lumpy Skin,Lumpy_Skin_24.png,.png
Lumpy Skin Images Dataset/Lumpy Skin/Lumpy_Skin_240.png,Lumpy Skin,Lumpy_Skin_240.png,.png
Lumpy Skin Images Dataset/Lumpy Skin/Lumpy_Skin_241.png,Lumpy Skin,Lumpy_Skin_241.png,.png
Lumpy Skin Images Dataset/Lumpy Skin/Lumpy_Skin_242.png,Lumpy Skin,Lumpy_Skin_242.png,.png
Lumpy Skin Images Dataset/Lumpy Skin/Lumpy_Skin_243.png,Lumpy Skin,Lumpy_Skin_243.png,.png
Lumpy Skin Images Dataset/Lumpy Skin/Lumpy_Skin_244.png,Lumpy Skin,Lumpy_Skin_244.png,.png
Lumpy Skin Images Dataset/Lumpy Skin/Lumpy_Skin_245.png,Lumpy Skin,Lumpy_Skin_245.png,.png
Lumpy Skin Images Dataset/Lumpy Skin/Lumpy_Skin_246.png,Lumpy Skin,Lumpy_Skin_246.png,.png
Lumpy Skin Images Dataset/Lumpy Skin/Lumpy_Skin_247.png,Lumpy Skin,Lumpy_Skin_247.png,.png
Lumpy Skin Images Dataset/Lumpy Skin/Lumpy_Skin_248.png,Lumpy Skin,Lumpy_Skin_248.png,.png
Lumpy Skin Images Dataset/Lumpy Skin/Lumpy_Skin_249.png,Lumpy Skin,Lumpy_Skin_249.png,.png
Lumpy Skin Images Dataset/Lumpy Skin/Lumpy_Skin_25.png,Lumpy Skin,Lumpy_Skin_25.png,.png
Lumpy Skin Images Dataset/Lumpy Skin/Lumpy_Skin_250.png,Lumpy Skin,Lumpy_Skin_250.png,.png
Lumpy Skin Images Dataset/Lumpy Skin/Lumpy_Skin_251.png,Lumpy Skin,Lumpy_Skin_251.png,.png
Lumpy Skin Images Dataset/Lumpy Skin/Lumpy_Skin_252.png,Lumpy Skin,Lumpy_Skin_252.png,.png
Lumpy Skin Images Dataset/Lumpy Skin/Lumpy_Skin_253.png,Lumpy Skin,Lumpy_Skin_253.png,.png
Lumpy Skin Images Dataset/Lumpy Skin/Lumpy_Skin_254.png,Lumpy Skin,Lumpy_Skin_254.png,.png
Lumpy Skin Images Dataset/Lumpy Skin/Lumpy_Skin_255.png,Lumpy Skin,Lumpy_Skin_255.png,.png
Lumpy Skin Images Dataset/Lumpy Skin/Lumpy_Skin_256.png,Lumpy Skin,Lumpy_Skin_256.png,.png
Lumpy Skin Images Dataset/Lumpy Skin/Lumpy_Skin_257.png,Lumpy Skin,Lumpy_Skin_257.png,.png
Lumpy Skin Images Dataset/Lumpy Skin/Lumpy_Skin_258.png,Lumpy Skin,Lumpy_Skin_258.png,.png
Lumpy Skin Images Dataset/Lumpy Skin/Lumpy_Skin_259.png,Lumpy Skin,Lumpy_Skin_259.png,.png
Lumpy Skin Images Dataset/Lumpy Skin/Lumpy_Skin_26.png,Lumpy Skin,Lumpy_Skin_26.png,.png
Lumpy Skin Images Dataset/Lumpy Skin/Lumpy_Skin_260.png,Lumpy Skin,Lumpy_Skin_260.png,.png
Lumpy Skin Images Dataset/Lumpy Skin/Lumpy_Skin_261.png,Lumpy Skin,Lumpy_Skin_261.png,.png
Lumpy Skin Images Dataset/Lumpy Skin/Lumpy_Skin_262.png,Lumpy Skin,Lumpy_Skin_262.png,.png
Lumpy Skin Images Dataset/Lumpy Skin/Lumpy_Skin_263.png,Lumpy Skin,Lumpy_Skin_263.png,.png
Lumpy Skin Images Dataset/Lumpy Skin/Lumpy_Skin_264.png,Lumpy Skin,Lumpy_Skin_264.png,.png
Lumpy Skin Images Dataset/Lumpy Skin/Lumpy_Skin_265.png,Lumpy Skin,Lumpy_Skin_265.png,.png
Lumpy Skin Images Dataset/Lumpy Skin/Lumpy_Skin_266.png,Lumpy Skin,Lumpy_Skin_266.png,.png
Lumpy Skin Images Dataset/Lumpy Skin/Lumpy_Skin_267.png,Lumpy Skin,Lumpy_Skin_267.png,.png
Lumpy Skin Images Dataset/Lumpy Skin/Lumpy_Skin_268.png,Lumpy Skin,Lumpy_Skin_268.png,.png
Lumpy Skin Images Dataset/Lumpy Skin/Lumpy_Skin_269.png,Lumpy Skin,Lumpy_Skin_269.png,.png
Lumpy Skin Images Dataset/Lumpy Skin/Lumpy_Skin_27.png,Lumpy Skin,Lumpy_Skin_27.png,.png
Lumpy Skin Images Dataset/Lumpy Skin/Lumpy_Skin_270.png,Lumpy Skin,Lumpy_Skin_270.png,.png
Lumpy Skin Images Dataset/Lumpy Skin/Lumpy_Skin_271.png,Lumpy Skin,Lumpy_Skin_271.png,.png
Lumpy Skin Images Dataset/Lumpy Skin/Lumpy_Skin_272.png,Lumpy Skin,Lumpy_Skin_272.png,.png
Lumpy Skin Images Dataset/Lumpy Skin/Lumpy_Skin_273.png,Lumpy Skin,Lumpy_Skin_273.png,.png
Lumpy Skin Images Dataset/Lumpy Skin/Lumpy_Skin_274.png,Lumpy Skin,Lumpy_Skin_274.png,.png
Lumpy Skin Images Dataset/Lumpy Skin/Lumpy_Skin_275.png,Lumpy Skin,Lumpy_Skin_275.png,.png
Lumpy Skin Images Dataset/Lumpy Skin/Lumpy_Skin_276.png,Lumpy Skin,Lumpy_Skin_276.png,.png
Lumpy Skin Images Dataset/Lumpy Skin/Lumpy_Skin_277.png,Lumpy Skin,Lumpy_Skin_277.png,.png
Lumpy Skin Images Dataset/Lumpy Skin/Lumpy_Skin_278.png,Lumpy Skin,Lumpy_Skin_278.png,.png
Lumpy Skin Images Dataset/Lumpy Skin/Lumpy_Skin_279.png,Lumpy Skin,Lumpy_Skin_279.png,.png
Lumpy Skin Images Dataset/Lumpy Skin/Lumpy_Skin_280.png,Lumpy Skin,Lumpy_Skin_280.png,.png
Lumpy Skin Images Dataset/Lumpy Skin/Lumpy_Skin_281.png,Lumpy Skin,Lumpy_Skin_281.png,.png
Lumpy Skin Images Dataset/Lumpy Skin/Lumpy_Skin_282.png,Lumpy Skin,Lumpy_Skin_282.png,.png
Lumpy Skin Images Dataset/Lumpy Skin/Lumpy_Skin_283.png,Lumpy Skin,Lumpy_Skin_283.png,.png
Lumpy Skin Images Dataset/Lumpy Skin/Lumpy_Skin_284.png,Lumpy Skin,Lumpy_Skin_284.png,.png
Lumpy Skin Images Dataset/Lumpy Skin/Lumpy_Skin_285.png,Lumpy Skin,Lumpy_Skin_285.png,.png
Lumpy Skin Images Dataset/Lumpy Skin/Lumpy_Skin_286.png,Lumpy Skin,Lumpy_Skin_286.png,.png
Lumpy Skin Images Dataset/Lumpy Skin/Lumpy_Skin_287.png,Lumpy Skin,Lumpy_Skin_287.png,.png
Lumpy Skin Images Dataset/Lumpy Skin/Lumpy_Skin_288.png,Lumpy Skin,Lumpy_Skin_288.png,.png
Lumpy Skin Images Dataset/Lumpy Skin/Lumpy_Skin_289.png,Lumpy Skin,Lumpy_Skin_289.png,.png
Lumpy Skin Images Dataset/Lumpy Skin/Lumpy_Skin_29.png,Lumpy Skin,Lumpy_Skin_29.png,.png
Lumpy Skin Images Dataset/Lumpy Skin/Lumpy_Skin_290.png,Lumpy Skin,Lumpy_Skin_290.png,.png
Lumpy Skin Images Dataset/Lumpy Skin/Lumpy_Skin_291.png,Lumpy Skin,Lumpy_Skin_291.png,.png
Lumpy Skin Images Dataset/Lumpy Skin/Lumpy_Skin_292.png,Lumpy Skin,Lumpy_Skin_292.png,.png
Lumpy Skin Images Dataset/Lumpy Skin/Lumpy_Skin_293.png,Lumpy Skin,Lumpy_Skin_293.png,.png
Lumpy Skin Images Dataset/Lumpy Skin/Lumpy_Skin_294.png,Lumpy Skin,Lumpy_Skin_294.png,.png
Lumpy Skin Images Dataset/Lumpy Skin/Lumpy_Skin_295.png,Lumpy Skin,Lumpy_Skin_295.png,.png
Lumpy Skin Images Dataset/Lumpy Skin/Lumpy_Skin_296.png,Lumpy Skin,Lumpy_Skin_296.png,.png
Lumpy Skin Images Dataset/Lumpy Skin/Lumpy_Skin_297.png,Lumpy Skin,Lumpy_Skin_297.png,.png
Lumpy Skin Images Dataset/Lumpy Skin/Lumpy_Skin_299.png,Lumpy Skin,Lumpy_Skin_299.png,.png
Lumpy Skin Images Dataset/Lumpy Skin/Lumpy_Skin_3.png,Lumpy Skin,Lumpy_Skin_3.png,.png
Lumpy Skin Images Dataset/Lumpy Skin/Lumpy_Skin_30.png,Lumpy Skin,Lumpy_Skin_30.png,.png
Lumpy Skin Images Dataset/Lumpy Skin/Lumpy_Skin_300.png,Lumpy Skin,Lumpy_Skin_300.png,.png
Lumpy Skin Images Dataset/Lumpy Skin/Lumpy_Skin_301.png,Lumpy Skin,Lumpy_Skin_301.png,.png
Lumpy Skin Images Dataset/Lumpy Skin/Lumpy_Skin_302.png,Lumpy Skin,Lumpy_Skin_302.png,.png
Lumpy Skin Images Dataset/Lumpy Skin/Lumpy_Skin_303.png,Lumpy Skin,Lumpy_Skin_303.png,.png
Lumpy Skin Images Dataset/Lumpy Skin/Lumpy_Skin_304.png,Lumpy Skin,Lumpy_Skin_304.png,.png
Lumpy Skin Images Dataset/Lumpy Skin/Lumpy_Skin_305.png,Lumpy Skin,Lumpy_Skin_305.png,.png
Lumpy Skin Images Dataset/Lumpy Skin/Lumpy_Skin_306.png,Lumpy Skin,Lumpy_Skin_306.png,.png
Lumpy Skin Images Dataset/Lumpy Skin/Lumpy_Skin_307.png,Lumpy Skin,Lumpy_Skin_307.png,.png
Lumpy Skin Images Dataset/Lumpy Skin/Lumpy_Skin_308.png,Lumpy Skin,Lumpy_Skin_308.png,.png
Lumpy Skin Images Dataset/Lumpy Skin/Lumpy_Skin_309.png,Lumpy Skin,Lumpy_Skin_309.png,.png
Lumpy Skin Images Dataset/Lumpy Skin/Lumpy_Skin_31.png,Lumpy Skin,Lumpy_Skin_31.png,.png
Lumpy Skin Images Dataset/Lumpy Skin/Lumpy_Skin_310.png,Lumpy Skin,Lumpy_Skin_310.png,.png
Lumpy Skin Images Dataset/Lumpy Skin/Lumpy_Skin_311.png,Lumpy Skin,Lumpy_Skin_311.png,.png
Lumpy Skin Images Dataset/Lumpy Skin/Lumpy_Skin_312.png,Lumpy Skin,Lumpy_Skin_312.png,.png
Lumpy Skin Images Dataset/Lumpy Skin/Lumpy_Skin_313.png,Lumpy Skin,Lumpy_Skin_313.png,.png
Lumpy Skin Images Dataset/Lumpy Skin/Lumpy_Skin_314.png,Lumpy Skin,Lumpy_Skin_314.png,.png
Lumpy Skin Images Dataset/Lumpy Skin/Lumpy_Skin_316.png,Lumpy Skin,Lumpy_Skin_316.png,.png
Lumpy Skin Images Dataset/Lumpy Skin/Lumpy_Skin_317.png,Lumpy Skin,Lumpy_Skin_317.png,.png
Lumpy Skin Images Dataset/Lumpy Skin/Lumpy_Skin_318.png,Lumpy Skin,Lumpy_Skin_318.png,.png
Lumpy Skin Images Dataset/Lumpy Skin/Lumpy_Skin_319.png,Lumpy Skin,Lumpy_Skin_319.png,.png
Lumpy Skin Images Dataset/Lumpy Skin/Lumpy_Skin_32.png,Lumpy Skin,Lumpy_Skin_32.png,.png
Lumpy Skin Images Dataset/Lumpy Skin/Lumpy_Skin_320.png,Lumpy Skin,Lumpy_Skin_320.png,.png
Lumpy Skin Images Dataset/Lumpy Skin/Lumpy_Skin_321.png,Lumpy Skin,Lumpy_Skin_321.png,.png
Lumpy Skin Images Dataset/Lumpy Skin/Lumpy_Skin_322.png,Lumpy Skin,Lumpy_Skin_322.png,.png
Lumpy Skin Images Dataset/Lumpy Skin/Lumpy_Skin_323.png,Lumpy Skin,Lumpy_Skin_323.png,.png
Lumpy Skin Images Dataset/Lumpy Skin/Lumpy_Skin_324.png,Lumpy Skin,Lumpy_Skin_324.png,.png
Lumpy Skin Images Dataset/Lumpy Skin/Lumpy_Skin_325.png,Lumpy Skin,Lumpy_Skin_325.png,.png
Lumpy Skin Images Dataset/Lumpy Skin/Lumpy_Skin_326.png,Lumpy Skin,Lumpy_Skin_326.png,.png
Lumpy Skin Images Dataset/Lumpy Skin/Lumpy_Skin_327.png,Lumpy Skin,Lumpy_Skin_327.png,.png
Lumpy Skin Images Dataset/Lumpy Skin/Lumpy_Skin_329.png,Lumpy Skin,Lumpy_Skin_329.png,.png
Lumpy Skin Images Dataset/Lumpy Skin/Lumpy_Skin_33.png,Lumpy Skin,Lumpy_Skin_33.png,.png
Lumpy Skin Images Dataset/Lumpy Skin/Lumpy_Skin_34.png,Lumpy Skin,Lumpy_Skin_34.png,.png
Lumpy Skin Images Dataset/Lumpy Skin/Lumpy_Skin_35.png,Lumpy Skin,Lumpy_Skin_35.png,.png
Lumpy Skin Images Dataset/Lumpy Skin/Lumpy_Skin_36.png,Lumpy Skin,Lumpy_Skin_36.png,.png
Lumpy Skin Images Dataset/Lumpy Skin/Lumpy_Skin_37.png,Lumpy Skin,Lumpy_Skin_37.png,.png
Lumpy Skin Images Dataset/Lumpy Skin/Lumpy_Skin_38.png,Lumpy Skin,Lumpy_Skin_38.png,.png
Lumpy Skin Images Dataset/Lumpy Skin/Lumpy_Skin_39.png,Lumpy Skin,Lumpy_Skin_39.png,.png
Lumpy Skin Images Dataset/Lumpy Skin/Lumpy_Skin_4.png,Lumpy Skin,Lumpy_Skin_4.png,.png
Lumpy Skin Images Dataset/Lumpy Skin/Lumpy_Skin_40.png,Lumpy Skin,Lumpy_Skin_40.png,.png
Lumpy Skin Images Dataset/Lumpy Skin/Lumpy_Skin_41.png,Lumpy Skin,Lumpy_Skin_41.png,.png
Lumpy Skin Images Dataset/Lumpy Skin/Lumpy_Skin_42.png,Lumpy Skin,Lumpy_Skin_42.png,.png
Lumpy Skin Images Dataset/Lumpy Skin/Lumpy_Skin_43.png,Lumpy Skin,Lumpy_Skin_43.png,.png
Lumpy Skin Images Dataset/Lumpy Skin/Lumpy_Skin_44.png,Lumpy Skin,Lumpy_Skin_44.png,.png
Lumpy Skin Images Dataset/Lumpy Skin/Lumpy_Skin_45.png,Lumpy Skin,Lumpy_Skin_45.png,.png
Lumpy Skin Images Dataset/Lumpy Skin/Lumpy_Skin_46.png,Lumpy Skin,Lumpy_Skin_46.png,.png
Lumpy Skin Images Dataset/Lumpy Skin/Lumpy_Skin_47.png,Lumpy Skin,Lumpy_Skin_47.png,.png
Lumpy Skin Images Dataset/Lumpy Skin/Lumpy_Skin_48.png,Lumpy Skin,Lumpy_Skin_48.png,.png
Lumpy Skin Images Dataset/Lumpy Skin/Lumpy_Skin_49.png,Lumpy Skin,Lumpy_Skin_49.png,.png
Lumpy Skin Images Dataset/Lumpy Skin/Lumpy_Skin_5.png,Lumpy Skin,Lumpy_Skin_5.png,.png
Lumpy Skin Images Dataset/Lumpy Skin/Lumpy_Skin_50.png,Lumpy Skin,Lumpy_Skin_50.png,.png
Lumpy Skin Images Dataset/Lumpy Skin/Lumpy_Skin_51.png,Lumpy Skin,Lumpy_Skin_51.png,.png
Lumpy Skin Images Dataset/Lumpy Skin/Lumpy_Skin_52.png,Lumpy Skin,Lumpy_Skin_52.png,.png
Lumpy Skin Images Dataset/Lumpy Skin/Lumpy_Skin_53.png,Lumpy Skin,Lumpy_Skin_53.png,.png
Lumpy Skin Images Dataset/Lumpy Skin/Lumpy_Skin_54.png,Lumpy Skin,Lumpy_Skin_54.png,.png
Lumpy Skin Images Dataset/Lumpy Skin/Lumpy_Skin_55.png,Lumpy Skin,Lumpy_Skin_55.png,.png
Lumpy Skin Images Dataset/Lumpy Skin/Lumpy_Skin_56.png,Lumpy Skin,Lumpy_Skin_56.png,.png
Lumpy Skin Images Dataset/Lumpy Skin/Lumpy_Skin_57.png,Lumpy Skin,Lumpy_Skin_57.png,.png
Lumpy Skin Images Dataset/Lumpy Skin/Lumpy_Skin_58.png,Lumpy Skin,Lumpy_Skin_58.png,.png
Lumpy Skin Images Dataset/Lumpy Skin/Lumpy_Skin_59.png,Lumpy Skin,Lumpy_Skin_59.png,.png
Lumpy Skin Images Dataset/Lumpy Skin/Lumpy_Skin_6.png,Lumpy Skin,Lumpy_Skin_6.png,.png
Lumpy Skin Images Dataset/Lumpy Skin/Lumpy_Skin_60.png,Lumpy Skin,Lumpy_Skin_60.png,.png
Lumpy Skin Images Dataset/Lumpy Skin/Lumpy_Skin_61.png,Lumpy Skin,Lumpy_Skin_61.png,.png
Lumpy Skin Images Dataset/Lumpy Skin/Lumpy_Skin_62.png,Lumpy Skin,Lumpy_Skin_62.png,.png
Lumpy Skin Images Dataset/Lumpy Skin/Lumpy_Skin_63.png,Lumpy Skin,Lumpy_Skin_63.png,.png
Lumpy Skin Images Dataset/Lumpy Skin/Lumpy_Skin_64.png,Lumpy Skin,Lumpy_Skin_64.png,.png
Lumpy Skin Images Dataset/Lumpy Skin/Lumpy_Skin_65.png,Lumpy Skin,Lumpy_Skin_65.png,.png
Lumpy Skin Images Dataset/Lumpy Skin/Lumpy_Skin_66.png,Lumpy Skin,Lumpy_Skin_66.png,.png
Lumpy Skin Images Dataset/Lumpy Skin/Lumpy_Skin_67.png,Lumpy Skin,Lumpy_Skin_67.png,.png
Lumpy Skin Images Dataset/Lumpy Skin/Lumpy_Skin_68.png,Lumpy Skin,Lumpy_Skin_68.png,.png
Lumpy Skin Images Dataset/Lumpy Skin/Lumpy_Skin_69.png,Lumpy Skin,Lumpy_Skin_69.png,.png
Lumpy Skin Images Dataset/Lumpy Skin/Lumpy_Skin_7.png,Lumpy Skin,Lumpy_Skin_7.png,.png
Lumpy Skin Images Dataset/Lumpy Skin/Lumpy_Skin_70.png,Lumpy Skin,Lumpy_Skin_70.png,.png
Lumpy Skin Images Dataset/Lumpy Skin/Lumpy_Skin_71.png,Lumpy Skin,Lumpy_Skin_71.png,.png
Lumpy Skin Images Dataset/Lumpy Skin/Lumpy_Skin_72.png,Lumpy Skin,Lumpy_Skin_72.png,.png
Lumpy Skin Images Dataset/Lumpy Skin/Lumpy_Skin_73.png,Lumpy Skin,Lumpy_Skin_73.png,.png
Lumpy Skin Images Dataset/Lumpy Skin/Lumpy_Skin_74.png,Lumpy Skin,Lumpy_Skin_74.png,.png
Lumpy Skin Images Dataset/Lumpy Skin/Lumpy_Skin_75.png,Lumpy Skin,Lumpy_Skin_75.png,.png
Lumpy Skin Images Dataset/Lumpy Skin/Lumpy_Skin_76.png,Lumpy Skin,Lumpy_Skin_76.png,.png
Lumpy Skin Images Dataset/Lumpy Skin/Lumpy_Skin_77.png,Lumpy Skin,Lumpy_Skin_77.png,.png
Lumpy Skin Images Dataset/Lumpy Skin/Lumpy_Skin_78.png,Lumpy Skin,Lumpy_Skin_78.png,.png
Lumpy Skin Images Dataset/Lumpy Skin/Lumpy_Skin_79.png,Lumpy Skin,Lumpy_Skin_79.png,.png
Lumpy Skin Images Dataset/Lumpy Skin/Lumpy_Skin_8.png,Lumpy Skin,Lumpy_Skin_8.png,.png
Lumpy Skin Images Dataset/Lumpy Skin/Lumpy_Skin_80.png,Lumpy Skin,Lumpy_Skin_80.png,.png
Lumpy Skin Images Dataset/Lumpy Skin/Lumpy_Skin_81.png,Lumpy Skin,Lumpy_Skin_81.png,.png
Lumpy Skin Images Dataset/Lumpy Skin/Lumpy_Skin_82.png,Lumpy Skin,Lumpy_Skin_82.png,.png
Lumpy Skin Images Dataset/Lumpy Skin/Lumpy_Skin_83.png,Lumpy Skin,Lumpy_Skin_83.png,.png
Lumpy Skin Images Dataset/Lumpy Skin/Lumpy_Skin_84.png,Lumpy Skin,Lumpy_Skin_84.png,.png
Lumpy Skin Images Dataset/Lumpy Skin/Lumpy_Skin_85.png,Lumpy Skin,Lumpy_Skin_85.png,.png
Lumpy Skin Images Dataset/Lumpy Skin/Lumpy_Skin_86.png,Lumpy Skin,Lumpy_Skin_86.png,.png
Lumpy Skin Images Dataset/Lumpy Skin/Lumpy_Skin_87.png,Lumpy Skin,Lumpy_Skin_87.png,.png
Lumpy Skin Images Dataset/Lumpy Skin/Lumpy_Skin_88.png,Lumpy Skin,Lumpy_Skin_88.png,.png
Lumpy Skin Images Dataset/Lumpy Skin/Lumpy_Skin_89.png,Lumpy Skin,Lumpy_Skin_89.png,.png
Lumpy Skin Images Dataset/Lumpy Skin/Lumpy_Skin_9.png,Lumpy Skin,Lumpy_Skin_9.png,.png
Lumpy Skin Images Dataset/Lumpy Skin/Lumpy_Skin_90.png,Lumpy Skin,Lumpy_Skin_90.png,.png
Lumpy Skin Images Dataset/Lumpy Skin/Lumpy_Skin_91.png,Lumpy Skin,Lumpy_Skin_91.png,.png
Lumpy Skin Images Dataset/Lumpy Skin/Lumpy_Skin_92.png,Lumpy Skin,Lumpy_Skin_92.png,.png
Lumpy Skin Images Dataset/Lumpy Skin/Lumpy_Skin_93.png,Lumpy Skin,Lumpy_Skin_93.png,.png
Lumpy Skin Images Dataset/Lumpy Skin/Lumpy_Skin_94.png,Lumpy Skin,Lumpy_Skin_94.png,.png
Lumpy Skin Images Dataset/Lumpy Skin/Lumpy_Skin_95.png,Lumpy Skin,Lumpy_Skin_95.png,.png
Lumpy Skin Images Dataset/Lumpy Skin/Lumpy_Skin_96.png,Lumpy Skin,Lumpy_Skin_96.png,.png
Lumpy Skin Images Dataset/Lumpy Skin/Lumpy_Skin_97.png,Lumpy Skin,Lumpy_Skin_97.png,.png
Lumpy Skin Images Dataset/Lumpy Skin/Lumpy_Skin_98.png,Lumpy Skin,Lumpy_Skin_98.png,.png
Lumpy Skin Images Dataset/Lumpy Skin/Lumpy_Skin_99.png,Lumpy Skin,Lumpy_Skin_99.png,.png
Lumpy Skin Images Dataset/Normal Skin/Normal_Skin.png,Normal Skin,Normal_Skin.png,.png
Lumpy Skin Images Dataset/Normal Skin/Normal_Skin_10.png,Normal Skin,Normal_Skin_10.png,.png
Lumpy Skin Images Dataset/Normal Skin/Normal_Skin_100.png,Normal Skin,Normal_Skin_100.png,.png
Lumpy Skin Images Dataset/Normal Skin/Normal_Skin_101.png,Normal Skin,Normal_Skin_101.png,.png
Lumpy Skin Images Dataset/Normal Skin/Normal_Skin_102.png,Normal Skin,Normal_Skin_102.png,.png
Lumpy Skin Images Dataset/Normal Skin/Normal_Skin_103.png,Normal Skin,Normal_Skin_103.png,.png
Lumpy Skin Images Dataset/Normal Skin/Normal_Skin_104.png,Normal Skin,Normal_Skin_104.png,.png
Lumpy Skin Images Dataset/Normal Skin/Normal_Skin_105.png,Normal Skin,Normal_Skin_105.png,.png
Lumpy Skin Images Dataset/Normal Skin/Normal_Skin_106.png,Normal Skin,Normal_Skin_106.png,.png
Lumpy Skin Images Dataset/Normal Skin/Normal_Skin_107.png,Normal Skin,Normal_Skin_107.png,.png
Lumpy Skin Images Dataset/Normal Skin/Normal_Skin_108.png,Normal Skin,Normal_Skin_108.png,.png
Lumpy Skin Images Dataset/Normal Skin/Normal_Skin_109.png,Normal Skin,Normal_Skin_109.png,.png
Lumpy Skin Images Dataset/Normal Skin/Normal_Skin_11.png,Normal Skin,Normal_Skin_11.png,.png
Lumpy Skin Images Dataset/Normal Skin/Normal_Skin_111.png,Normal Skin,Normal_Skin_111.png,.png
Lumpy Skin Images Dataset/Normal Skin/Normal_Skin_112.png,Normal Skin,Normal_Skin_112.png,.png
Lumpy Skin Images Dataset/Normal Skin/Normal_Skin_113.png,Normal Skin,Normal_Skin_113.png,.png
Lumpy Skin Images Dataset/Normal Skin/Normal_Skin_114.png,Normal Skin,Normal_Skin_114.png,.png
Lumpy Skin Images Dataset/Normal Skin/Normal_Skin_115.png,Normal Skin,Normal_Skin_115.png,.png
Lumpy Skin Images Dataset/Normal Skin/Normal_Skin_116.png,Normal Skin,Normal_Skin_116.png,.png
Lumpy Skin Images Dataset/Normal Skin/Normal_Skin_117.png,Normal Skin,Normal_Skin_117.png,.png
Lumpy Skin Images Dataset/Normal Skin/Normal_Skin_118.png,Normal Skin,Normal_Skin_118.png,.png
Lumpy Skin Images Dataset/Normal Skin/Normal_Skin_119.png,Normal Skin,Normal_Skin_119.png,.png
Lumpy Skin Images Dataset/Normal Skin/Normal_Skin_12.png,Normal Skin,Normal_Skin_12.png,.png
Lumpy Skin Images Dataset/Normal Skin/Normal_Skin_120.png,Normal Skin,Normal_Skin_120.png,.png
Lumpy Skin Images Dataset/Normal Skin/Normal_Skin_121.png,Normal Skin,Normal_Skin_121.png,.png
Lumpy Skin Images Dataset/Normal Skin/Normal_Skin_122.png,Normal Skin,Normal_Skin_122.png,.png
Lumpy Skin Images Dataset/Normal Skin/Normal_Skin_124.png,Normal Skin,Normal_Skin_124.png,.png
Lumpy Skin Images Dataset/Normal Skin/Normal_Skin_125.png,Normal Skin,Normal_Skin_125.png,.png
Lumpy Skin Images Dataset/Normal Skin/Normal_Skin_127.png,Normal Skin,Normal_Skin_127.png,.png
Lumpy Skin Images Dataset/Normal Skin/Normal_Skin_129.png,Normal Skin,Normal_Skin_129.png,.png
Lumpy Skin Images Dataset/Normal Skin/Normal_Skin_13.png,Normal Skin,Normal_Skin_13.png,.png
Lumpy Skin Images Dataset/Normal Skin/Normal_Skin_130.png,Normal Skin,Normal_Skin_130.png,.png
Lumpy Skin Images Dataset/Normal Skin/Normal_Skin_131.png,Normal Skin,Normal_Skin_131.png,.png
Lumpy Skin Images Dataset/Normal Skin/Normal_Skin_132.png,Normal Skin,Normal_Skin_132.png,.png
Lumpy Skin Images Dataset/Normal Skin/Normal_Skin_133.png,Normal Skin,Normal_Skin_133.png,.png
Lumpy Skin Images Dataset/Normal Skin/Normal_Skin_134.png,Normal Skin,Normal_Skin_134.png,.png
Lumpy Skin Images Dataset/Normal Skin/Normal_Skin_135.png,Normal Skin,Normal_Skin_135.png,.png
Lumpy Skin Images Dataset/Normal Skin/Normal_Skin_136.png,Normal Skin,Normal_Skin_136.png,.png
Lumpy Skin Images Dataset/Normal Skin/Normal_Skin_137.png,Normal Skin,Normal_Skin_137.png,.png
Lumpy Skin Images Dataset/Normal Skin/Normal_Skin_138.png,Normal Skin,Normal_Skin_138.png,.png
Lumpy Skin Images Dataset/Normal Skin/Normal_Skin_139.png,Normal Skin,Normal_Skin_139.png,.png
Lumpy Skin Images Dataset/Normal Skin/Normal_Skin_14.png,Normal Skin,Normal_Skin_14.png,.png
Lumpy Skin Images Dataset/Normal Skin/Normal_Skin_140.png,Normal Skin,Normal_Skin_140.png,.png
Lumpy Skin Images Dataset/Normal Skin/Normal_Skin_141.png,Normal Skin,Normal_Skin_141.png,.png
Lumpy Skin Images Dataset/Normal Skin/Normal_Skin_142.png,Normal Skin,Normal_Skin_142.png,.png
Lumpy Skin Images Dataset/Normal Skin/Normal_Skin_143.png,Normal Skin,Normal_Skin_143.png,.png
Lumpy Skin Images Dataset/Normal Skin/Normal_Skin_144.png,Normal Skin,Normal_Skin_144.png,.png
Lumpy Skin Images Dataset/Normal Skin/Normal_Skin_145.png,Normal Skin,Normal_Skin_145.png,.png
Lumpy Skin Images Dataset/Normal Skin/Normal_Skin_146.png,Normal Skin,Normal_Skin_146.png,.png
Lumpy Skin Images Dataset/Normal Skin/Normal_Skin_147.png,Normal Skin,Normal_Skin_147.png,.png
Lumpy Skin Images Dataset/Normal Skin/Normal_Skin_148.png,Normal Skin,Normal_Skin_148.png,.png
Lumpy Skin Images Dataset/Normal Skin/Normal_Skin_149.png,Normal Skin,Normal_Skin_149.png,.png
Lumpy Skin Images Dataset/Normal Skin/Normal_Skin_150.png,Normal Skin,Normal_Skin_150.png,.png
Lumpy Skin Images Dataset/Normal Skin/Normal_Skin_151.png,Normal Skin,Normal_Skin_151.png,.png
Lumpy Skin Images Dataset/Normal Skin/Normal_Skin_152.png,Normal Skin,Normal_Skin_152.png,.png
Lumpy Skin Images Dataset/Normal Skin/Normal_Skin_153.png,Normal Skin,Normal_Skin_153.png,.png
Lumpy Skin Images Dataset/Normal Skin/Normal_Skin_154.png,Normal Skin,Normal_Skin_154.png,.png
Lumpy Skin Images Dataset/Normal Skin/Normal_Skin_155.png,Normal Skin,Normal_Skin_155.png,.png
Lumpy Skin Images Dataset/Normal Skin/Normal_Skin_156.png,Normal Skin,Normal_Skin_156.png,.png
Lumpy Skin Images Dataset/Normal Skin/Normal_Skin_157.png,Normal Skin,Normal_Skin_157.png,.png
Lumpy Skin Images Dataset/Normal Skin/Normal_Skin_158.png,Normal Skin,Normal_Skin_158.png,.png
Lumpy Skin Images Dataset/Normal Skin/Normal_Skin_159.png,Normal Skin,Normal_Skin_159.png,.png
Lumpy Skin Images Dataset/Normal Skin/Normal_Skin_16.png,Normal Skin,Normal_Skin_16.png,.png
Lumpy Skin Images Dataset/Normal Skin/Normal_Skin_160.png,Normal Skin,Normal_Skin_160.png,.png
Lumpy Skin Images Dataset/Normal Skin/Normal_Skin_161.png,Normal Skin,Normal_Skin_161.png,.png
Lumpy Skin Images Dataset/Normal Skin/Normal_Skin_162.png,Normal Skin,Normal_Skin_162.png,.png
Lumpy Skin Images Dataset/Normal Skin/Normal_Skin_163.png,Normal Skin,Normal_Skin_163.png,.png
Lumpy Skin Images Dataset/Normal Skin/Normal_Skin_164.png,Normal Skin,Normal_Skin_164.png,.png
Lumpy Skin Images Dataset/Normal Skin/Normal_Skin_165.png,Normal Skin,Normal_Skin_165.png,.png
Lumpy Skin Images Dataset/Normal Skin/Normal_Skin_166.png,Normal Skin,Normal_Skin_166.png,.png
Lumpy Skin Images Dataset/Normal Skin/Normal_Skin_167.png,Normal Skin,Normal_Skin_167.png,.png
Lumpy Skin Images Dataset/Normal Skin/Normal_Skin_168.png,Normal Skin,Normal_Skin_168.png,.png
Lumpy Skin Images Dataset/Normal Skin/Normal_Skin_169.png,Normal Skin,Normal_Skin_169.png,.png
Lumpy Skin Images Dataset/Normal Skin/Normal_Skin_17.png,Normal Skin,Normal_Skin_17.png,.png
Lumpy Skin Images Dataset/Normal Skin/Normal_Skin_170.png,Normal Skin,Normal_Skin_170.png,.png
Lumpy Skin Images Dataset/Normal Skin/Normal_Skin_171.png,Normal Skin,Normal_Skin_171.png,.png
Lumpy Skin Images Dataset/Normal Skin/Normal_Skin_172.png,Normal Skin,Normal_Skin_172.png,.png
Lumpy Skin Images Dataset/Normal Skin/Normal_Skin_173.png,Normal Skin,Normal_Skin_173.png,.png
Lumpy Skin Images Dataset/Normal Skin/Normal_Skin_174.png,Normal Skin,Normal_Skin_174.png,.png
Lumpy Skin Images Dataset/Normal Skin/Normal_Skin_175.png,Normal Skin,Normal_Skin_175.png,.png
Lumpy Skin Images Dataset/Normal Skin/Normal_Skin_176.png,Normal Skin,Normal_Skin_176.png,.png
Lumpy Skin Images Dataset/Normal Skin/Normal_Skin_177.png,Normal Skin,Normal_Skin_177.png,.png
Lumpy Skin Images Dataset/Normal Skin/Normal_Skin_178.png,Normal Skin,Normal_Skin_178.png,.png
Lumpy Skin Images Dataset/Normal Skin/Normal_Skin_179.png,Normal Skin,Normal_Skin_179.png,.png
Lumpy Skin Images Dataset/Normal Skin/Normal_Skin_18.png,Normal Skin,Normal_Skin_18.png,.png
Lumpy Skin Images Dataset/Normal Skin/Normal_Skin_180.png,Normal Skin,Normal_Skin_180.png,.png
Lumpy Skin Images Dataset/Normal Skin/Normal_Skin_181.png,Normal Skin,Normal_Skin_181.png,.png
Lumpy Skin Images Dataset/Normal Skin/Normal_Skin_182.png,Normal Skin,Normal_Skin_182.png,.png
Lumpy Skin Images Dataset/Normal Skin/Normal_Skin_183.png,Normal Skin,Normal_Skin_183.png,.png
Lumpy Skin Images Dataset/Normal Skin/Normal_Skin_184.png,Normal Skin,Normal_Skin_184.png,.png
Lumpy Skin Images Dataset/Normal Skin/Normal_Skin_185.png,Normal Skin,Normal_Skin_185.png,.png
Lumpy Skin Images Dataset/Normal Skin/Normal_Skin_186.png,Normal Skin,Normal_Skin_186.png,.png
Lumpy Skin Images Dataset/Normal Skin/Normal_Skin_187.png,Normal Skin,Normal_Skin_187.png,.png
Lumpy Skin Images Dataset/Normal Skin/Normal_Skin_188.png,Normal Skin,Normal_Skin_188.png,.png
Lumpy Skin Images Dataset/Normal Skin/Normal_Skin_189.png,Normal Skin,Normal_Skin_189.png,.png
Lumpy Skin Images Dataset/Normal Skin/Normal_Skin_19.png,Normal Skin,Normal_Skin_19.png,.png
Lumpy Skin Images Dataset/Normal Skin/Normal_Skin_190.png,Normal Skin,Normal_Skin_190.png,.png
Lumpy Skin Images Dataset/Normal Skin/Normal_Skin_191.png,Normal Skin,Normal_Skin_191.png,.png
Lumpy Skin Images Dataset/Normal Skin/Normal_Skin_192.png,Normal Skin,Normal_Skin_192.png,.png
Lumpy Skin Images Dataset/Normal Skin/Normal_Skin_193.png,Normal Skin,Normal_Skin_193.png,.png
Lumpy Skin Images Dataset/Normal Skin/Normal_Skin_194.png,Normal Skin,Normal_Skin_194.png,.png
Lumpy Skin Images Dataset/Normal Skin/Normal_Skin_195.png,Normal Skin,Normal_Skin_195.png,.png
Lumpy Skin Images Dataset/Normal Skin/Normal_Skin_196.png,Normal Skin,Normal_Skin_196.png,.png
Lumpy Skin Images Dataset/Normal Skin/Normal_Skin_197.png,Normal Skin,Normal_Skin_197.png,.png
Lumpy Skin Images Dataset/Normal Skin/Normal_Skin_198.png,Normal Skin,Normal_Skin_198.png,.png
Lumpy Skin Images Dataset/Normal Skin/Normal_Skin_199.png,Normal Skin,Normal_Skin_199.png,.png
Lumpy Skin Images Dataset/Normal Skin/Normal_Skin_2.png,Normal Skin,Normal_Skin_2.png,.png
Lumpy Skin Images Dataset/Normal Skin/Normal_Skin_20.png,Normal Skin,Normal_Skin_20.png,.png
Lumpy Skin Images Dataset/Normal Skin/Normal_Skin_200.png,Normal Skin,Normal_Skin_200.png,.png
Lumpy Skin Images Dataset/Normal Skin/Normal_Skin_201.png,Normal Skin,Normal_Skin_201.png,.png
Lumpy Skin Images Dataset/Normal Skin/Normal_Skin_202.png,Normal Skin,Normal_Skin_202.png,.png
Lumpy Skin Images Dataset/Normal Skin/Normal_Skin_203.png,Normal Skin,Normal_Skin_203.png,.png
Lumpy Skin Images Dataset/Normal Skin/Normal_Skin_204.png,Normal Skin,Normal_Skin_204.png,.png
Lumpy Skin Images Dataset/Normal Skin/Normal_Skin_205.png,Normal Skin,Normal_Skin_205.png,.png
Lumpy Skin Images Dataset/Normal Skin/Normal_Skin_206.png,Normal Skin,Normal_Skin_206.png,.png
Lumpy Skin Images Dataset/Normal Skin/Normal_Skin_207.png,Normal Skin,Normal_Skin_207.png,.png
Lumpy Skin Images Dataset/Normal Skin/Normal_Skin_208.png,Normal Skin,Normal_Skin_208.png,.png
Lumpy Skin Images Dataset/Normal Skin/Normal_Skin_209.png,Normal Skin,Normal_Skin_209.png,.png
Lumpy Skin Images Dataset/Normal Skin/Normal_Skin_21.png,Normal Skin,Normal_Skin_21.png,.png
Lumpy Skin Images Dataset/Normal Skin/Normal_Skin_210.png,Normal Skin,Normal_Skin_210.png,.png
Lumpy Skin Images Dataset/Normal Skin/Normal_Skin_211.png,Normal Skin,Normal_Skin_211.png,.png
Lumpy Skin Images Dataset/Normal Skin/Normal_Skin_212.png,Normal Skin,Normal_Skin_212.png,.png
Lumpy Skin Images Dataset/Normal Skin/Normal_Skin_213.png,Normal Skin,Normal_Skin_213.png,.png
Lumpy Skin Images Dataset/Normal Skin/Normal_Skin_214.png,Normal Skin,Normal_Skin_214.png,.png
Lumpy Skin Images Dataset/Normal Skin/Normal_Skin_215.png,Normal Skin,Normal_Skin_215.png,.png
Lumpy Skin Images Dataset/Normal Skin/Normal_Skin_216.png,Normal Skin,Normal_Skin_216.png,.png
Lumpy Skin Images Dataset/Normal Skin/Normal_Skin_217.png,Normal Skin,Normal_Skin_217.png,.png
Lumpy Skin Images Dataset/Normal Skin/Normal_Skin_218.png,Normal Skin,Normal_Skin_218.png,.png
Lumpy Skin Images Dataset/Normal Skin/Normal_Skin_219.png,Normal Skin,Normal_Skin_219.png,.png
Lumpy Skin Images Dataset/Normal Skin/Normal_Skin_22.png,Normal Skin,Normal_Skin_22.png,.png
Lumpy Skin Images Dataset/Normal Skin/Normal_Skin_220.png,Normal Skin,Normal_Skin_220.png,.png
Lumpy Skin Images Dataset/Normal Skin/Normal_Skin_221.png,Normal Skin,Normal_Skin_221.png,.png
Lumpy Skin Images Dataset/Normal Skin/Normal_Skin_222.png,Normal Skin,Normal_Skin_222.png,.png
Lumpy Skin Images Dataset/Normal Skin/Normal_Skin_223.png,Normal Skin,Normal_Skin_223.png,.png
Lumpy Skin Images Dataset/Normal Skin/Normal_Skin_224.png,Normal Skin,Normal_Skin_224.png,.png
Lumpy Skin Images Dataset/Normal Skin/Normal_Skin_225.png,Normal Skin,Normal_Skin_225.png,.png
Lumpy Skin Images Dataset/Normal Skin/Normal_Skin_226.png,Normal Skin,Normal_Skin_226.png,.png
Lumpy Skin Images Dataset/Normal Skin/Normal_Skin_227.png,Normal Skin,Normal_Skin_227.png,.png
Lumpy Skin Images Dataset/Normal Skin/Normal_Skin_228.png,Normal Skin,Normal_Skin_228.png,.png
Lumpy Skin Images Dataset/Normal Skin/Normal_Skin_229.png,Normal Skin,Normal_Skin_229.png,.png
Lumpy Skin Images Dataset/Normal Skin/Normal_Skin_23.png,Normal Skin,Normal_Skin_23.png,.png
Lumpy Skin Images Dataset/Normal Skin/Normal_Skin_230.png,Normal Skin,Normal_Skin_230.png,.png
Lumpy Skin Images Dataset/Normal Skin/Normal_Skin_231.png,Normal Skin,Normal_Skin_231.png,.png
Lumpy Skin Images Dataset/Normal Skin/Normal_Skin_232.png,Normal Skin,Normal_Skin_232.png,.png
Lumpy Skin Images Dataset/Normal Skin/Normal_Skin_233.png,Normal Skin,Normal_Skin_233.png,.png
Lumpy Skin Images Dataset/Normal Skin/Normal_Skin_234.png,Normal Skin,Normal_Skin_234.png,.png
Lumpy Skin Images Dataset/Normal Skin/Normal_Skin_235.png,Normal Skin,Normal_Skin_235.png,.png
Lumpy Skin Images Dataset/Normal Skin/Normal_Skin_236.png,Normal Skin,Normal_Skin_236.png,.png
Lumpy Skin Images Dataset/Normal Skin/Normal_Skin_237.png,Normal Skin,Normal_Skin_237.png,.png
Lumpy Skin Images Dataset/Normal Skin/Normal_Skin_238.png,Normal Skin,Normal_Skin_238.png,.png
Lumpy Skin Images Dataset/Normal Skin/Normal_Skin_239.png,Normal Skin,Normal_Skin_239.png,.png
Lumpy Skin Images Dataset/Normal Skin/Normal_Skin_24.png,Normal Skin,Normal_Skin_24.png,.png
Lumpy Skin Images Dataset/Normal Skin/Normal_Skin_240.png,Normal Skin,Normal_Skin_240.png,.png
Lumpy Skin Images Dataset/Normal Skin/Normal_Skin_241.png,Normal Skin,Normal_Skin_241.png,.png
Lumpy Skin Images Dataset/Normal Skin/Normal_Skin_242.png,Normal Skin,Normal_Skin_242.png,.png
Lumpy Skin Images Dataset/Normal Skin/Normal_Skin_243.png,Normal Skin,Normal_Skin_243.png,.png
Lumpy Skin Images Dataset/Normal Skin/Normal_Skin_244.png,Normal Skin,Normal_Skin_244.png,.png
Lumpy Skin Images Dataset/Normal Skin/Normal_Skin_245.png,Normal Skin,Normal_Skin_245.png,.png
Lumpy Skin Images Dataset/Normal Skin/Normal_Skin_246.png,Normal Skin,Normal_Skin_246.png,.png
Lumpy Skin Images Dataset/Normal Skin/Normal_Skin_247.png,Normal Skin,Normal_Skin_247.png,.png
Lumpy Skin Images Dataset/Normal Skin/Normal_Skin_248.png,Normal Skin,Normal_Skin_248.png,.png
Lumpy Skin Images Dataset/Normal Skin/Normal_Skin_249.png,Normal Skin,Normal_Skin_249.png,.png
Lumpy Skin Images Dataset/Normal Skin/Normal_Skin_25.png,Normal Skin,Normal_Skin_25.png,.png
Lumpy Skin Images Dataset/Normal Skin/Normal_Skin_250.png,Normal Skin,Normal_Skin_250.png,.png
Lumpy Skin Images Dataset/Normal Skin/Normal_Skin_251.png,Normal Skin,Normal_Skin_251.png,.png
Lumpy Skin Images Dataset/Normal Skin/Normal_Skin_252.png,Normal Skin,Normal_Skin_252.png,.png
Lumpy Skin Images Dataset/Normal Skin/Normal_Skin_253.png,Normal Skin,Normal_Skin_253.png,.png
Lumpy Skin Images Dataset/Normal Skin/Normal_Skin_254.png,Normal Skin,Normal_Skin_254.png,.png
Lumpy Skin Images Dataset/Normal Skin/Normal_Skin_255.png,Normal Skin,Normal_Skin_255.png,.png
Lumpy Skin Images Dataset/Normal Skin/Normal_Skin_256.png,Normal Skin,Normal_Skin_256.png,.png
Lumpy Skin Images Dataset/Normal Skin/Normal_Skin_257.png,Normal Skin,Normal_Skin_257.png,.png
Lumpy Skin Images Dataset/Normal Skin/Normal_Skin_258.png,Normal Skin,Normal_Skin_258.png,.png
Lumpy Skin Images Dataset/Normal Skin/Normal_Skin_259.png,Normal Skin,Normal_Skin_259.png,.png
Lumpy Skin Images Dataset/Normal Skin/Normal_Skin_26.png,Normal Skin,Normal_Skin_26.png,.png
Lumpy Skin Images Dataset/Normal Skin/Normal_Skin_260.png,Normal Skin,Normal_Skin_260.png,.png
Lumpy Skin Images Dataset/Normal Skin/Normal_Skin_261.png,Normal Skin,Normal_Skin_261.png,.png
Lumpy Skin Images Dataset/Normal Skin/Normal_Skin_262.png,Normal Skin,Normal_Skin_262.png,.png
Lumpy Skin Images Dataset/Normal Skin/Normal_Skin_263.png,Normal Skin,Normal_Skin_263.png,.png
Lumpy Skin Images Dataset/Normal Skin/Normal_Skin_264.png,Normal Skin,Normal_Skin_264.png,.png
Lumpy Skin Images Dataset/Normal Skin/Normal_Skin_265.png,Normal Skin,Normal_Skin_265.png,.png
Lumpy Skin Images Dataset/Normal Skin/Normal_Skin_266.png,Normal Skin,Normal_Skin_266.png,.png
Lumpy Skin Images Dataset/Normal Skin/Normal_Skin_267.png,Normal Skin,Normal_Skin_267.png,.png
Lumpy Skin Images Dataset/Normal Skin/Normal_Skin_268.png,Normal Skin,Normal_Skin_268.png,.png
Lumpy Skin Images Dataset/Normal Skin/Normal_Skin_269.png,Normal Skin,Normal_Skin_269.png,.png
Lumpy Skin Images Dataset/Normal Skin/Normal_Skin_27.png,Normal Skin,Normal_Skin_27.png,.png
Lumpy Skin Images Dataset/Normal Skin/Normal_Skin_270.png,Normal Skin,Normal_Skin_270.png,.png
Lumpy Skin Images Dataset/Normal Skin/Normal_Skin_271.png,Normal Skin,Normal_Skin_271.png,.png
Lumpy Skin Images Dataset/Normal Skin/Normal_Skin_272.png,Normal Skin,Normal_Skin_272.png,.png
Lumpy Skin Images Dataset/Normal Skin/Normal_Skin_273.png,Normal Skin,Normal_Skin_273.png,.png
Lumpy Skin Images Dataset/Normal Skin/Normal_Skin_274.png,Normal Skin,Normal_Skin_274.png,.png
Lumpy Skin Images Dataset/Normal Skin/Normal_Skin_275.png,Normal Skin,Normal_Skin_275.png,.png
Lumpy Skin Images Dataset/Normal Skin/Normal_Skin_276.png,Normal Skin,Normal_Skin_276.png,.png
Lumpy Skin Images Dataset/Normal Skin/Normal_Skin_277.png,Normal Skin,Normal_Skin_277.png,.png
Lumpy Skin Images Dataset/Normal Skin/Normal_Skin_278.png,Normal Skin,Normal_Skin_278.png,.png
Lumpy Skin Images Dataset/Normal Skin/Normal_Skin_279.png,Normal Skin,Normal_Skin_279.png,.png
Lumpy Skin Images Dataset/Normal Skin/Normal_Skin_28.png,Normal Skin,Normal_Skin_28.png,.png
Lumpy Skin Images Dataset/Normal Skin/Normal_Skin_280.png,Normal Skin,Normal_Skin_280.png,.png
Lumpy Skin Images Dataset/Normal Skin/Normal_Skin_281.png,Normal Skin,Normal_Skin_281.png,.png
Lumpy Skin Images Dataset/Normal Skin/Normal_Skin_282.png,Normal Skin,Normal_Skin_282.png,.png
Lumpy Skin Images Dataset/Normal Skin/Normal_Skin_283.png,Normal Skin,Normal_Skin_283.png,.png
Lumpy Skin Images Dataset/Normal Skin/Normal_Skin_284.png,Normal Skin,Normal_Skin_284.png,.png
Lumpy Skin Images Dataset/Normal Skin/Normal_Skin_285.png,Normal Skin,Normal_Skin_285.png,.png
Lumpy Skin Images Dataset/Normal Skin/Normal_Skin_286.png,Normal Skin,Normal_Skin_286.png,.png
Lumpy Skin Images Dataset/Normal Skin/Normal_Skin_287.png,Normal Skin,Normal_Skin_287.png,.png
Lumpy Skin Images Dataset/Normal Skin/Normal_Skin_288.png,Normal Skin,Normal_Skin_288.png,.png
Lumpy Skin Images Dataset/Normal Skin/Normal_Skin_289.png,Normal Skin,Normal_Skin_289.png,.png
Lumpy Skin Images Dataset/Normal Skin/Normal_Skin_29.png,Normal Skin,Normal_Skin_29.png,.png
Lumpy Skin Images Dataset/Normal Skin/Normal_Skin_290.png,Normal Skin,Normal_Skin_290.png,.png
Lumpy Skin Images Dataset/Normal Skin/Normal_Skin_291.png,Normal Skin,Normal_Skin_291.png,.png
Lumpy Skin Images Dataset/Normal Skin/Normal_Skin_292.png,Normal Skin,Normal_Skin_292.png,.png
Lumpy Skin Images Dataset/Normal Skin/Normal_Skin_293.png,Normal Skin,Normal_Skin_293.png,.png
Lumpy Skin Images Dataset/Normal Skin/Normal_Skin_294.png,Normal Skin,Normal_Skin_294.png,.png
Lumpy Skin Images Dataset/Normal Skin/Normal_Skin_295.png,Normal Skin,Normal_Skin_295.png,.png
Lumpy Skin Images Dataset/Normal Skin/Normal_Skin_296.png,Normal Skin,Normal_Skin_296.png,.png
Lumpy Skin Images Dataset/Normal Skin/Normal_Skin_297.png,Normal Skin,Normal_Skin_297.png,.png
Lumpy Skin Images Dataset/Normal Skin/Normal_Skin_298.png,Normal Skin,Normal_Skin_298.png,.png
Lumpy Skin Images Dataset/Normal Skin/Normal_Skin_299.png,Normal Skin,Normal_Skin_299.png,.png
Lumpy Skin Images Dataset/Normal Skin/Normal_Skin_3.png,Normal Skin,Normal_Skin_3.png,.png
Lumpy Skin Images Dataset/Normal Skin/Normal_Skin_30.png,Normal Skin,Normal_Skin_30.png,.png
Lumpy Skin Images Dataset/Normal Skin/Normal_Skin_300.png,Normal Skin,Normal_Skin_300.png,.png
Lumpy Skin Images Dataset/Normal Skin/Normal_Skin_301.png,Normal Skin,Normal_Skin_301.png,.png
Lumpy Skin Images Dataset/Normal Skin/Normal_Skin_302.png,Normal Skin,Normal_Skin_302.png,.png
Lumpy Skin Images Dataset/Normal Skin/Normal_Skin_303.png,Normal Skin,Normal_Skin_303.png,.png
Lumpy Skin Images Dataset/Normal Skin/Normal_Skin_304.png,Normal Skin,Normal_Skin_304.png,.png
Lumpy Skin Images Dataset/Normal Skin/Normal_Skin_305.png,Normal Skin,Normal_Skin_305.png,.png
Lumpy Skin Images Dataset/Normal Skin/Normal_Skin_306.png,Normal Skin,Normal_Skin_306.png,.png
Lumpy Skin Images Dataset/Normal Skin/Normal_Skin_307.png,Normal Skin,Normal_Skin_307.png,.png
Lumpy Skin Images Dataset/Normal Skin/Normal_Skin_308.png,Normal Skin,Normal_Skin_308.png,.png
Lumpy Skin Images Dataset/Normal Skin/Normal_Skin_309.png,Normal Skin,Normal_Skin_309.png,.png
Lumpy Skin Images Dataset/Normal Skin/Normal_Skin_31.png,Normal Skin,Normal_Skin_31.png,.png
Lumpy Skin Images Dataset/Normal Skin/Normal_Skin_310.png,Normal Skin,Normal_Skin_310.png,.png
Lumpy Skin Images Dataset/Normal Skin/Normal_Skin_311.png,Normal Skin,Normal_Skin_311.png,.png
Lumpy Skin Images Dataset/Normal Skin/Normal_Skin_312.png,Normal Skin,Normal_Skin_312.png,.png
Lumpy Skin Images Dataset/Normal Skin/Normal_Skin_313.png,Normal Skin,Normal_Skin_313.png,.png
Lumpy Skin Images Dataset/Normal Skin/Normal_Skin_314.png,Normal Skin,Normal_Skin_314.png,.png
Lumpy Skin Images Dataset/Normal Skin/Normal_Skin_315.png,Normal Skin,Normal_Skin_315.png,.png
Lumpy Skin Images Dataset/Normal Skin/Normal_Skin_316.png,Normal Skin,Normal_Skin_316.png,.png
Lumpy Skin Images Dataset/Normal Skin/Normal_Skin_317.png,Normal Skin,Normal_Skin_317.png,.png
Lumpy Skin Images Dataset/Normal Skin/Normal_Skin_318.png,Normal Skin,Normal_Skin_318.png,.png
Lumpy Skin Images Dataset/Normal Skin/Normal_Skin_319.png,Normal Skin,Normal_Skin_319.png,.png
Lumpy Skin Images Dataset/Normal Skin/Normal_Skin_32.png,Normal Skin,Normal_Skin_32.png,.png
Lumpy Skin Images Dataset/Normal Skin/Normal_Skin_320.png,Normal Skin,Normal_Skin_320.png,.png
Lumpy Skin Images Dataset/Normal Skin/Normal_Skin_321.png,Normal Skin,Normal_Skin_321.png,.png
Lumpy Skin Images Dataset/Normal Skin/Normal_Skin_322.png,Normal Skin,Normal_Skin_322.png,.png
Lumpy Skin Images Dataset/Normal Skin/Normal_Skin_323.png,Normal Skin,Normal_Skin_323.png,.png
Lumpy Skin Images Dataset/Normal Skin/Normal_Skin_324.png,Normal Skin,Normal_Skin_324.png,.png
Lumpy Skin Images Dataset/Normal Skin/Normal_Skin_325.png,Normal Skin,Normal_Skin_325.png,.png
Lumpy Skin Images Dataset/Normal Skin/Normal_Skin_326.png,Normal Skin,Normal_Skin_326.png,.png
Lumpy Skin Images Dataset/Normal Skin/Normal_Skin_327.png,Normal Skin,Normal_Skin_327.png,.png
Lumpy Skin Images Dataset/Normal Skin/Normal_Skin_328.png,Normal Skin,Normal_Skin_328.png,.png
Lumpy Skin Images Dataset/Normal Skin/Normal_Skin_329.png,Normal Skin,Normal_Skin_329.png,.png
Lumpy Skin Images Dataset/Normal Skin/Normal_Skin_33.png,Normal Skin,Normal_Skin_33.png,.png
Lumpy Skin Images Dataset/Normal Skin/Normal_Skin_330.png,Normal Skin,Normal_Skin_330.png,.png
Lumpy Skin Images Dataset/Normal Skin/Normal_Skin_331.png,Normal Skin,Normal_Skin_331.png,.png
Lumpy Skin Images Dataset/Normal Skin/Normal_Skin_332.png,Normal Skin,Normal_Skin_332.png,.png
Lumpy Skin Images Dataset/Normal Skin/Normal_Skin_333.png,Normal Skin,Normal_Skin_333.png,.png
Lumpy Skin Images Dataset/Normal Skin/Normal_Skin_334.png,Normal Skin,Normal_Skin_334.png,.png
Lumpy Skin Images Dataset/Normal Skin/Normal_Skin_335.png,Normal Skin,Normal_Skin_335.png,.png
Lumpy Skin Images Dataset/Normal Skin/Normal_Skin_336.png,Normal Skin,Normal_Skin_336.png,.png
Lumpy Skin Images Dataset/Normal Skin/Normal_Skin_337.png,Normal Skin,Normal_Skin_337.png,.png
Lumpy Skin Images Dataset/Normal Skin/Normal_Skin_338.png,Normal Skin,Normal_Skin_338.png,.png
Lumpy Skin Images Dataset/Normal Skin/Normal_Skin_339.png,Normal Skin,Normal_Skin_339.png,.png
Lumpy Skin Images Dataset/Normal Skin/Normal_Skin_34.png,Normal Skin,Normal_Skin_34.png,.png
Lumpy Skin Images Dataset/Normal Skin/Normal_Skin_340.png,Normal Skin,Normal_Skin_340.png,.png
Lumpy Skin Images Dataset/Normal Skin/Normal_Skin_341.png,Normal Skin,Normal_Skin_341.png,.png
Lumpy Skin Images Dataset/Normal Skin/Normal_Skin_342.png,Normal Skin,Normal_Skin_342.png,.png
Lumpy Skin Images Dataset/Normal Skin/Normal_Skin_343.png,Normal Skin,Normal_Skin_343.png,.png
Lumpy Skin Images Dataset/Normal Skin/Normal_Skin_344.png,Normal Skin,Normal_Skin_344.png,.png
Lumpy Skin Images Dataset/Normal Skin/Normal_Skin_345.png,Normal Skin,Normal_Skin_345.png,.png
Lumpy Skin Images Dataset/Normal Skin/Normal_Skin_346.png,Normal Skin,Normal_Skin_346.png,.png
Lumpy Skin Images Dataset/Normal Skin/Normal_Skin_347.png,Normal Skin,Normal_Skin_347.png,.png
Lumpy Skin Images Dataset/Normal Skin/Normal_Skin_348.png,Normal Skin,Normal_Skin_348.png,.png
Lumpy Skin Images Dataset/Normal Skin/Normal_Skin_349.png,Normal Skin,Normal_Skin_349.png,.png
Lumpy Skin Images Dataset/Normal Skin/Normal_Skin_35.png,Normal Skin,Normal_Skin_35.png,.png
Lumpy Skin Images Dataset/Normal Skin/Normal_Skin_350.png,Normal Skin,Normal_Skin_350.png,.png
Lumpy Skin Images Dataset/Normal Skin/Normal_Skin_351.png,Normal Skin,Normal_Skin_351.png,.png
Lumpy Skin Images Dataset/Normal Skin/Normal_Skin_352.png,Normal Skin,Normal_Skin_352.png,.png
Lumpy Skin Images Dataset/Normal Skin/Normal_Skin_353.png,Normal Skin,Normal_Skin_353.png,.png
Lumpy Skin Images Dataset/Normal Skin/Normal_Skin_354.png,Normal Skin,Normal_Skin_354.png,.png
Lumpy Skin Images Dataset/Normal Skin/Normal_Skin_355.png,Normal Skin,Normal_Skin_355.png,.png
Lumpy Skin Images Dataset/Normal Skin/Normal_Skin_356.png,Normal Skin,Normal_Skin_356.png,.png
Lumpy Skin Images Dataset/Normal Skin/Normal_Skin_357.png,Normal Skin,Normal_Skin_357.png,.png
Lumpy Skin Images Dataset/Normal Skin/Normal_Skin_358.png,Normal Skin,Normal_Skin_358.png,.png
Lumpy Skin Images Dataset/Normal Skin/Normal_Skin_359.png,Normal Skin,Normal_Skin_359.png,.png
Lumpy Skin Images Dataset/Normal Skin/Normal_Skin_36.png,Normal Skin,Normal_Skin_36.png,.png
Lumpy Skin Images Dataset/Normal Skin/Normal_Skin_360.png,Normal Skin,Normal_Skin_360.png,.png
Lumpy Skin Images Dataset/Normal Skin/Normal_Skin_361.png,Normal Skin,Normal_Skin_361.png,.png
Lumpy Skin Images Dataset/Normal Skin/Normal_Skin_362.png,Normal Skin,Normal_Skin_362.png,.png
Lumpy Skin Images Dataset/Normal Skin/Normal_Skin_363.png,Normal Skin,Normal_Skin_363.png,.png
Lumpy Skin Images Dataset/Normal Skin/Normal_Skin_364.png,Normal Skin,Normal_Skin_364.png,.png
Lumpy Skin Images Dataset/Normal Skin/Normal_Skin_365.png,Normal Skin,Normal_Skin_365.png,.png
Lumpy Skin Images Dataset/Normal Skin/Normal_Skin_366.png,Normal Skin,Normal_Skin_366.png,.png
Lumpy Skin Images Dataset/Normal Skin/Normal_Skin_367.png,Normal Skin,Normal_Skin_367.png,.png
Lumpy Skin Images Dataset/Normal Skin/Normal_Skin_368.png,Normal Skin,Normal_Skin_368.png,.png
Lumpy Skin Images Dataset/Normal Skin/Normal_Skin_369.png,Normal Skin,Normal_Skin_369.png,.png
Lumpy Skin Images Dataset/Normal Skin/Normal_Skin_37.png,Normal Skin,Normal_Skin_37.png,.png
Lumpy Skin Images Dataset/Normal Skin/Normal_Skin_370.png,Normal Skin,Normal_Skin_370.png,.png
Lumpy Skin Images Dataset/Normal Skin/Normal_Skin_371.png,Normal Skin,Normal_Skin_371.png,.png
Lumpy Skin Images Dataset/Normal Skin/Normal_Skin_372.png,Normal Skin,Normal_Skin_372.png,.png
Lumpy Skin Images Dataset/Normal Skin/Normal_Skin_373.png,Normal Skin,Normal_Skin_373.png,.png
Lumpy Skin Images Dataset/Normal Skin/Normal_Skin_374.png,Normal Skin,Normal_Skin_374.png,.png
Lumpy Skin Images Dataset/Normal Skin/Normal_Skin_375.png,Normal Skin,Normal_Skin_375.png,.png
Lumpy Skin Images Dataset/Normal Skin/Normal_Skin_376.png,Normal Skin,Normal_Skin_376.png,.png
Lumpy Skin Images Dataset/Normal Skin/Normal_Skin_377.png,Normal Skin,Normal_Skin_377.png,.png
Lumpy Skin Images Dataset/Normal Skin/Normal_Skin_378.png,Normal Skin,Normal_Skin_378.png,.png
Lumpy Skin Images Dataset/Normal Skin/Normal_Skin_379.png,Normal Skin,Normal_Skin_379.png,.png
Lumpy Skin Images Dataset/Normal Skin/Normal_Skin_380.png,Normal Skin,Normal_Skin_380.png,.png
Lumpy Skin Images Dataset/Normal Skin/Normal_Skin_381.png,Normal Skin,Normal_Skin_381.png,.png
Lumpy Skin Images Dataset/Normal Skin/Normal_Skin_382.png,Normal Skin,Normal_Skin_382.png,.png
Lumpy Skin Images Dataset/Normal Skin/Normal_Skin_383.png,Normal Skin,Normal_Skin_383.png,.png
Lumpy Skin Images Dataset/Normal Skin/Normal_Skin_384.png,Normal Skin,Normal_Skin_384.png,.png
Lumpy Skin Images Dataset/Normal Skin/Normal_Skin_385.png,Normal Skin,Normal_Skin_385.png,.png
Lumpy Skin Images Dataset/Normal Skin/Normal_Skin_386.png,Normal Skin,Normal_Skin_386.png,.png
Lumpy Skin Images Dataset/Normal Skin/Normal_Skin_387.png,Normal Skin,Normal_Skin_387.png,.png
Lumpy Skin Images Dataset/Normal Skin/Normal_Skin_388.png,Normal Skin,Normal_Skin_388.png,.png
Lumpy Skin Images Dataset/Normal Skin/Normal_Skin_389.png,Normal Skin,Normal_Skin_389.png,.png
Lumpy Skin Images Dataset/Normal Skin/Normal_Skin_390.png,Normal Skin,Normal_Skin_390.png,.png
Lumpy Skin Images Dataset/Normal Skin/Normal_Skin_391.png,Normal Skin,Normal_Skin_391.png,.png
Lumpy Skin Images Dataset/Normal Skin/Normal_Skin_392.png,Normal Skin,Normal_Skin_392.png,.png
Lumpy Skin Images Dataset/Normal Skin/Normal_Skin_393.png,Normal Skin,Normal_Skin_393.png,.png
Lumpy Skin Images Dataset/Normal Skin/Normal_Skin_394.png,Normal Skin,Normal_Skin_394.png,.png
Lumpy Skin Images Dataset/Normal Skin/Normal_Skin_395.png,Normal Skin,Normal_Skin_395.png,.png
Lumpy Skin Images Dataset/Normal Skin/Normal_Skin_396.png,Normal Skin,Normal_Skin_396.png,.png
Lumpy Skin Images Dataset/Normal Skin/Normal_Skin_397.png,Normal Skin,Normal_Skin_397.png,.png
Lumpy Skin Images Dataset/Normal Skin/Normal_Skin_398.png,Normal Skin,Normal_Skin_398.png,.png
Lumpy Skin Images Dataset/Normal Skin/Normal_Skin_399.png,Normal Skin,Normal_Skin_399.png,.png
Lumpy Skin Images Dataset/Normal Skin/Normal_Skin_4.png,Normal Skin,Normal_Skin_4.png,.png
Lumpy Skin Images Dataset/Normal Skin/Normal_Skin_400.png,Normal Skin,Normal_Skin_400.png,.png
Lumpy Skin Images Dataset/Normal Skin/Normal_Skin_401.png,Normal Skin,Normal_Skin_401.png,.png
Lumpy Skin Images Dataset/Normal Skin/Normal_Skin_402.png,Normal Skin,Normal_Skin_402.png,.png
Lumpy Skin Images Dataset/Normal Skin/Normal_Skin_403.png,Normal Skin,Normal_Skin_403.png,.png
Lumpy Skin Images Dataset/Normal Skin/Normal_Skin_404.png,Normal Skin,Normal_Skin_404.png,.png
Lumpy Skin Images Dataset/Normal Skin/Normal_Skin_405.png,Normal Skin,Normal_Skin_405.png,.png
Lumpy Skin Images Dataset/Normal Skin/Normal_Skin_406.png,Normal Skin,Normal_Skin_406.png,.png
Lumpy Skin Images Dataset/Normal Skin/Normal_Skin_407.png,Normal Skin,Normal_Skin_407.png,.png
Lumpy Skin Images Dataset/Normal Skin/Normal_Skin_408.png,Normal Skin,Normal_Skin_408.png,.png
Lumpy Skin Images Dataset/Normal Skin/Normal_Skin_409.png,Normal Skin,Normal_Skin_409.png,.png
Lumpy Skin Images Dataset/Normal Skin/Normal_Skin_41.png,Normal Skin,Normal_Skin_41.png,.png
Lumpy Skin Images Dataset/Normal Skin/Normal_Skin_410.png,Normal Skin,Normal_Skin_410.png,.png
Lumpy Skin Images Dataset/Normal Skin/Normal_Skin_411.png,Normal Skin,Normal_Skin_411.png,.png
Lumpy Skin Images Dataset/Normal Skin/Normal_Skin_412.png,Normal Skin,Normal_Skin_412.png,.png
Lumpy Skin Images Dataset/Normal Skin/Normal_Skin_413.png,Normal Skin,Normal_Skin_413.png,.png
Lumpy Skin Images Dataset/Normal Skin/Normal_Skin_414.png,Normal Skin,Normal_Skin_414.png,.png
Lumpy Skin Images Dataset/Normal Skin/Normal_Skin_415.png,Normal Skin,Normal_Skin_415.png,.png
Lumpy Skin Images Dataset/Normal Skin/Normal_Skin_416.png,Normal Skin,Normal_Skin_416.png,.png
Lumpy Skin Images Dataset/Normal Skin/Normal_Skin_417.png,Normal Skin,Normal_Skin_417.png,.png
Lumpy Skin Images Dataset/Normal Skin/Normal_Skin_418.png,Normal Skin,Normal_Skin_418.png,.png
Lumpy Skin Images Dataset/Normal Skin/Normal_Skin_419.png,Normal Skin,Normal_Skin_419.png,.png
Lumpy Skin Images Dataset/Normal Skin/Normal_Skin_42.png,Normal Skin,Normal_Skin_42.png,.png
Lumpy Skin Images Dataset/Normal Skin/Normal_Skin_420.png,Normal Skin,Normal_Skin_420.png,.png
Lumpy Skin Images Dataset/Normal Skin/Normal_Skin_421.png,Normal Skin,Normal_Skin_421.png,.png
Lumpy Skin Images Dataset/Normal Skin/Normal_Skin_422.png,Normal Skin,Normal_Skin_422.png,.png
Lumpy Skin Images Dataset/Normal Skin/Normal_Skin_423.png,Normal Skin,Normal_Skin_423.png,.png
Lumpy Skin Images Dataset/Normal Skin/Normal_Skin_424.png,Normal Skin,Normal_Skin_424.png,.png
Lumpy Skin Images Dataset/Normal Skin/Normal_Skin_425.png,Normal Skin,Normal_Skin_425.png,.png
Lumpy Skin Images Dataset/Normal Skin/Normal_Skin_426.png,Normal Skin,Normal_Skin_426.png,.png
Lumpy Skin Images Dataset/Normal Skin/Normal_Skin_427.png,Normal Skin,Normal_Skin_427.png,.png
Lumpy Skin Images Dataset/Normal Skin/Normal_Skin_428.png,Normal Skin,Normal_Skin_428.png,.png
Lumpy Skin Images Dataset/Normal Skin/Normal_Skin_429.png,Normal Skin,Normal_Skin_429.png,.png
Lumpy Skin Images Dataset/Normal Skin/Normal_Skin_43.png,Normal Skin,Normal_Skin_43.png,.png
Lumpy Skin Images Dataset/Normal Skin/Normal_Skin_430.png,Normal Skin,Normal_Skin_430.png,.png
Lumpy Skin Images Dataset/Normal Skin/Normal_Skin_431.png,Normal Skin,Normal_Skin_431.png,.png
Lumpy Skin Images Dataset/Normal Skin/Normal_Skin_432.png,Normal Skin,Normal_Skin_432.png,.png
Lumpy Skin Images Dataset/Normal Skin/Normal_Skin_433.png,Normal Skin,Normal_Skin_433.png,.png
Lumpy Skin Images Dataset/Normal Skin/Normal_Skin_434.png,Normal Skin,Normal_Skin_434.png,.png
Lumpy Skin Images Dataset/Normal Skin/Normal_Skin_435.png,Normal Skin,Normal_Skin_435.png,.png
Lumpy Skin Images Dataset/Normal Skin/Normal_Skin_436.png,Normal Skin,Normal_Skin_436.png,.png
Lumpy Skin Images Dataset/Normal Skin/Normal_Skin_437.png,Normal Skin,Normal_Skin_437.png,.png
Lumpy Skin Images Dataset/Normal Skin/Normal_Skin_438.png,Normal Skin,Normal_Skin_438.png,.png
Lumpy Skin Images Dataset/Normal Skin/Normal_Skin_439.png,Normal Skin,Normal_Skin_439.png,.png
Lumpy Skin Images Dataset/Normal Skin/Normal_Skin_44.png,Normal Skin,Normal_Skin_44.png,.png
Lumpy Skin Images Dataset/Normal Skin/Normal_Skin_440.png,Normal Skin,Normal_Skin_440.png,.png
Lumpy Skin Images Dataset/Normal Skin/Normal_Skin_441.png,Normal Skin,Normal_Skin_441.png,.png
Lumpy Skin Images Dataset/Normal Skin/Normal_Skin_442.png,Normal Skin,Normal_Skin_442.png,.png
Lumpy Skin Images Dataset/Normal Skin/Normal_Skin_443.png,Normal Skin,Normal_Skin_443.png,.png
Lumpy Skin Images Dataset/Normal Skin/Normal_Skin_444.png,Normal Skin,Normal_Skin_444.png,.png
Lumpy Skin Images Dataset/Normal Skin/Normal_Skin_445.png,Normal Skin,Normal_Skin_445.png,.png
Lumpy Skin Images Dataset/Normal Skin/Normal_Skin_446.png,Normal Skin,Normal_Skin_446.png,.png
Lumpy Skin Images Dataset/Normal Skin/Normal_Skin_447.png,Normal Skin,Normal_Skin_447.png,.png
Lumpy Skin Images Dataset/Normal Skin/Normal_Skin_448.png,Normal Skin,Normal_Skin_448.png,.png
Lumpy Skin Images Dataset/Normal Skin/Normal_Skin_449.png,Normal Skin,Normal_Skin_449.png,.png
Lumpy Skin Images Dataset/Normal Skin/Normal_Skin_450.png,Normal Skin,Normal_Skin_450.png,.png
Lumpy Skin Images Dataset/Normal Skin/Normal_Skin_451.png,Normal Skin,Normal_Skin_451.png,.png
Lumpy Skin Images Dataset/Normal Skin/Normal_Skin_452.png,Normal Skin,Normal_Skin_452.png,.png
Lumpy Skin Images Dataset/Normal Skin/Normal_Skin_453.png,Normal Skin,Normal_Skin_453.png,.png
Lumpy Skin Images Dataset/Normal Skin/Normal_Skin_454.png,Normal Skin,Normal_Skin_454.png,.png
Lumpy Skin Images Dataset/Normal Skin/Normal_Skin_455.png,Normal Skin,Normal_Skin_455.png,.png
Lumpy Skin Images Dataset/Normal Skin/Normal_Skin_456.png,Normal Skin,Normal_Skin_456.png,.png
Lumpy Skin Images Dataset/Normal Skin/Normal_Skin_457.png,Normal Skin,Normal_Skin_457.png,.png
Lumpy Skin Images Dataset/Normal Skin/Normal_Skin_458.png,Normal Skin,Normal_Skin_458.png,.png
Lumpy Skin Images Dataset/Normal Skin/Normal_Skin_459.png,Normal Skin,Normal_Skin_459.png,.png
Lumpy Skin Images Dataset/Normal Skin/Normal_Skin_46.png,Normal Skin,Normal_Skin_46.png,.png
Lumpy Skin Images Dataset/Normal Skin/Normal_Skin_460.png,Normal Skin,Normal_Skin_460.png,.png
Lumpy Skin Images Dataset/Normal Skin/Normal_Skin_461.png,Normal Skin,Normal_Skin_461.png,.png
Lumpy Skin Images Dataset/Normal Skin/Normal_Skin_462.png,Normal Skin,Normal_Skin_462.png,.png
Lumpy Skin Images Dataset/Normal Skin/Normal_Skin_463.png,Normal Skin,Normal_Skin_463.png,.png
Lumpy Skin Images Dataset/Normal Skin/Normal_Skin_464.png,Normal Skin,Normal_Skin_464.png,.png
Lumpy Skin Images Dataset/Normal Skin/Normal_Skin_465.png,Normal Skin,Normal_Skin_465.png,.png
Lumpy Skin Images Dataset/Normal Skin/Normal_Skin_466.png,Normal Skin,Normal_Skin_466.png,.png
Lumpy Skin Images Dataset/Normal Skin/Normal_Skin_467.png,Normal Skin,Normal_Skin_467.png,.png
Lumpy Skin Images Dataset/Normal Skin/Normal_Skin_468.png,Normal Skin,Normal_Skin_468.png,.png
Lumpy Skin Images Dataset/Normal Skin/Normal_Skin_469.png,Normal Skin,Normal_Skin_469.png,.png
Lumpy Skin Images Dataset/Normal Skin/Normal_Skin_47.png,Normal Skin,Normal_Skin_47.png,.png
Lumpy Skin Images Dataset/Normal Skin/Normal_Skin_470.png,Normal Skin,Normal_Skin_470.png,.png
Lumpy Skin Images Dataset/Normal Skin/Normal_Skin_471.png,Normal Skin,Normal_Skin_471.png,.png
Lumpy Skin Images Dataset/Normal Skin/Normal_Skin_472.png,Normal Skin,Normal_Skin_472.png,.png
Lumpy Skin Images Dataset/Normal Skin/Normal_Skin_473.png,Normal Skin,Normal_Skin_473.png,.png
Lumpy Skin Images Dataset/Normal Skin/Normal_Skin_474.png,Normal Skin,Normal_Skin_474.png,.png
Lumpy Skin Images Dataset/Normal Skin/Normal_Skin_475.png,Normal Skin,Normal_Skin_475.png,.png
Lumpy Skin Images Dataset/Normal Skin/Normal_Skin_476.png,Normal Skin,Normal_Skin_476.png,.png
Lumpy Skin Images Dataset/Normal Skin/Normal_Skin_477.png,Normal Skin,Normal_Skin_477.png,.png
Lumpy Skin Images Dataset/Normal Skin/Normal_Skin_478.png,Normal Skin,Normal_Skin_478.png,.png
Lumpy Skin Images Dataset/Normal Skin/Normal_Skin_479.png,Normal Skin,Normal_Skin_479.png,.png
Lumpy Skin Images Dataset/Normal Skin/Normal_Skin_48.png,Normal Skin,Normal_Skin_48.png,.png
Lumpy Skin Images Dataset/Normal Skin/Normal_Skin_480.png,Normal Skin,Normal_Skin_480.png,.png
Lumpy Skin Images Dataset/Normal Skin/Normal_Skin_481.png,Normal Skin,Normal_Skin_481.png,.png
Lumpy Skin Images Dataset/Normal Skin/Normal_Skin_482.png,Normal Skin,Normal_Skin_482.png,.png
Lumpy Skin Images Dataset/Normal Skin/Normal_Skin_483.png,Normal Skin,Normal_Skin_483.png,.png
Lumpy Skin Images Dataset/Normal Skin/Normal_Skin_484.png,Normal Skin,Normal_Skin_484.png,.png
Lumpy Skin Images Dataset/Normal Skin/Normal_Skin_485.png,Normal Skin,Normal_Skin_485.png,.png
Lumpy Skin Images Dataset/Normal Skin/Normal_Skin_486.png,Normal Skin,Normal_Skin_486.png,.png
Lumpy Skin Images Dataset/Normal Skin/Normal_Skin_487.png,Normal Skin,Normal_Skin_487.png,.png
Lumpy Skin Images Dataset/Normal Skin/Normal_Skin_488.png,Normal Skin,Normal_Skin_488.png,.png
Lumpy Skin Images Dataset/Normal Skin/Normal_Skin_489.png,Normal Skin,Normal_Skin_489.png,.png
Lumpy Skin Images Dataset/Normal Skin/Normal_Skin_49.png,Normal Skin,Normal_Skin_49.png,.png
Lumpy Skin Images Dataset/Normal Skin/Normal_Skin_490.png,Normal Skin,Normal_Skin_490.png,.png
Lumpy Skin Images Dataset/Normal Skin/Normal_Skin_491.png,Normal Skin,Normal_Skin_491.png,.png
Lumpy Skin Images Dataset/Normal Skin/Normal_Skin_492.png,Normal Skin,Normal_Skin_492.png,.png
Lumpy Skin Images Dataset/Normal Skin/Normal_Skin_493.png,Normal Skin,Normal_Skin_493.png,.png
Lumpy Skin Images Dataset/Normal Skin/Normal_Skin_494.png,Normal Skin,Normal_Skin_494.png,.png
Lumpy Skin Images Dataset/Normal Skin/Normal_Skin_495.png,Normal Skin,Normal_Skin_495.png,.png
Lumpy Skin Images Dataset/Normal Skin/Normal_Skin_496.png,Normal Skin,Normal_Skin_496.png,.png
Lumpy Skin Images Dataset/Normal Skin/Normal_Skin_497.png,Normal Skin,Normal_Skin_497.png,.png
Lumpy Skin Images Dataset/Normal Skin/Normal_Skin_498.png,Normal Skin,Normal_Skin_498.png,.png
Lumpy Skin Images Dataset/Normal Skin/Normal_Skin_499.png,Normal Skin,Normal_Skin_499.png,.png
Lumpy Skin Images Dataset/Normal Skin/Normal_Skin_5.png,Normal Skin,Normal_Skin_5.png,.png
Lumpy Skin Images Dataset/Normal Skin/Normal_Skin_50.png,Normal Skin,Normal_Skin_50.png,.png
Lumpy Skin Images Dataset/Normal Skin/Normal_Skin_500.png,Normal Skin,Normal_Skin_500.png,.png
Lumpy Skin Images Dataset/Normal Skin/Normal_Skin_501.png,Normal Skin,Normal_Skin_501.png,.png
Lumpy Skin Images Dataset/Normal Skin/Normal_Skin_502.png,Normal Skin,Normal_Skin_502.png,.png
Lumpy Skin Images Dataset/Normal Skin/Normal_Skin_503.png,Normal Skin,Normal_Skin_503.png,.png
Lumpy Skin Images Dataset/Normal Skin/Normal_Skin_504.png,Normal Skin,Normal_Skin_504.png,.png
Lumpy Skin Images Dataset/Normal Skin/Normal_Skin_505.png,Normal Skin,Normal_Skin_505.png,.png
Lumpy Skin Images Dataset/Normal Skin/Normal_Skin_506.png,Normal Skin,Normal_Skin_506.png,.png
Lumpy Skin Images Dataset/Normal Skin/Normal_Skin_507.png,Normal Skin,Normal_Skin_507.png,.png
Lumpy Skin Images Dataset/Normal Skin/Normal_Skin_508.png,Normal Skin,Normal_Skin_508.png,.png
Lumpy Skin Images Dataset/Normal Skin/Normal_Skin_509.png,Normal Skin,Normal_Skin_509.png,.png
Lumpy Skin Images Dataset/Normal Skin/Normal_Skin_51.png,Normal Skin,Normal_Skin_51.png,.png
Lumpy Skin Images Dataset/Normal Skin/Normal_Skin_510.png,Normal Skin,Normal_Skin_510.png,.png
Lumpy Skin Images Dataset/Normal Skin/Normal_Skin_511.png,Normal Skin,Normal_Skin_511.png,.png
Lumpy Skin Images Dataset/Normal Skin/Normal_Skin_512.png,Normal Skin,Normal_Skin_512.png,.png
Lumpy Skin Images Dataset/Normal Skin/Normal_Skin_513.png,Normal Skin,Normal_Skin_513.png,.png
Lumpy Skin Images Dataset/Normal Skin/Normal_Skin_514.png,Normal Skin,Normal_Skin_514.png,.png
Lumpy Skin Images Dataset/Normal Skin/Normal_Skin_515.png,Normal Skin,Normal_Skin_515.png,.png
Lumpy Skin Images Dataset/Normal Skin/Normal_Skin_516.png,Normal Skin,Normal_Skin_516.png,.png
Lumpy Skin Images Dataset/Normal Skin/Normal_Skin_517.png,Normal Skin,Normal_Skin_517.png,.png
Lumpy Skin Images Dataset/Normal Skin/Normal_Skin_518.png,Normal Skin,Normal_Skin_518.png,.png
Lumpy Skin Images Dataset/Normal Skin/Normal_Skin_519.png,Normal Skin,Normal_Skin_519.png,.png
Lumpy Skin Images Dataset/Normal Skin/Normal_Skin_52.png,Normal Skin,Normal_Skin_52.png,.png
Lumpy Skin Images Dataset/Normal Skin/Normal_Skin_520.png,Normal Skin,Normal_Skin_520.png,.png
Lumpy Skin Images Dataset/Normal Skin/Normal_Skin_521.png,Normal Skin,Normal_Skin_521.png,.png
Lumpy Skin Images Dataset/Normal Skin/Normal_Skin_522.png,Normal Skin,Normal_Skin_522.png,.png
Lumpy Skin Images Dataset/Normal Skin/Normal_Skin_523.png,Normal Skin,Normal_Skin_523.png,.png
Lumpy Skin Images Dataset/Normal Skin/Normal_Skin_524.png,Normal Skin,Normal_Skin_524.png,.png
Lumpy Skin Images Dataset/Normal Skin/Normal_Skin_525.png,Normal Skin,Normal_Skin_525.png,.png
Lumpy Skin Images Dataset/Normal Skin/Normal_Skin_526.png,Normal Skin,Normal_Skin_526.png,.png
Lumpy Skin Images Dataset/Normal Skin/Normal_Skin_527.png,Normal Skin,Normal_Skin_527.png,.png
Lumpy Skin Images Dataset/Normal Skin/Normal_Skin_528.png,Normal Skin,Normal_Skin_528.png,.png
Lumpy Skin Images Dataset/Normal Skin/Normal_Skin_529.png,Normal Skin,Normal_Skin_529.png,.png
Lumpy Skin Images Dataset/Normal Skin/Normal_Skin_53.png,Normal Skin,Normal_Skin_53.png,.png
Lumpy Skin Images Dataset/Normal Skin/Normal_Skin_530.png,Normal Skin,Normal_Skin_530.png,.png
Lumpy Skin Images Dataset/Normal Skin/Normal_Skin_531.png,Normal Skin,Normal_Skin_531.png,.png
Lumpy Skin Images Dataset/Normal Skin/Normal_Skin_532.png,Normal Skin,Normal_Skin_532.png,.png
Lumpy Skin Images Dataset/Normal Skin/Normal_Skin_533.png,Normal Skin,Normal_Skin_533.png,.png
Lumpy Skin Images Dataset/Normal Skin/Normal_Skin_534.png,Normal Skin,Normal_Skin_534.png,.png
Lumpy Skin Images Dataset/Normal Skin/Normal_Skin_535.png,Normal Skin,Normal_Skin_535.png,.png
Lumpy Skin Images Dataset/Normal Skin/Normal_Skin_536.png,Normal Skin,Normal_Skin_536.png,.png
Lumpy Skin Images Dataset/Normal Skin/Normal_Skin_537.png,Normal Skin,Normal_Skin_537.png,.png
Lumpy Skin Images Dataset/Normal Skin/Normal_Skin_538.png,Normal Skin,Normal_Skin_538.png,.png
Lumpy Skin Images Dataset/Normal Skin/Normal_Skin_539.png,Normal Skin,Normal_Skin_539.png,.png
Lumpy Skin Images Dataset/Normal Skin/Normal_Skin_54.png,Normal Skin,Normal_Skin_54.png,.png
Lumpy Skin Images Dataset/Normal Skin/Normal_Skin_540.png,Normal Skin,Normal_Skin_540.png,.png
Lumpy Skin Images Dataset/Normal Skin/Normal_Skin_541.png,Normal Skin,Normal_Skin_541.png,.png
Lumpy Skin Images Dataset/Normal Skin/Normal_Skin_542.png,Normal Skin,Normal_Skin_542.png,.png
Lumpy Skin Images Dataset/Normal Skin/Normal_Skin_543.png,Normal Skin,Normal_Skin_543.png,.png
Lumpy Skin Images Dataset/Normal Skin/Normal_Skin_544.png,Normal Skin,Normal_Skin_544.png,.png
Lumpy Skin Images Dataset/Normal Skin/Normal_Skin_545.png,Normal Skin,Normal_Skin_545.png,.png
Lumpy Skin Images Dataset/Normal Skin/Normal_Skin_546.png,Normal Skin,Normal_Skin_546.png,.png
Lumpy Skin Images Dataset/Normal Skin/Normal_Skin_547.png,Normal Skin,Normal_Skin_547.png,.png
Lumpy Skin Images Dataset/Normal Skin/Normal_Skin_548.png,Normal Skin,Normal_Skin_548.png,.png
Lumpy Skin Images Dataset/Normal Skin/Normal_Skin_549.png,Normal Skin,Normal_Skin_549.png,.png
Lumpy Skin Images Dataset/Normal Skin/Normal_Skin_55.png,Normal Skin,Normal_Skin_55.png,.png
Lumpy Skin Images Dataset/Normal Skin/Normal_Skin_550.png,Normal Skin,Normal_Skin_550.png,.png
Lumpy Skin Images Dataset/Normal Skin/Normal_Skin_551.png,Normal Skin,Normal_Skin_551.png,.png
Lumpy Skin Images Dataset/Normal Skin/Normal_Skin_552.png,Normal Skin,Normal_Skin_552.png,.png
Lumpy Skin Images Dataset/Normal Skin/Normal_Skin_553.png,Normal Skin,Normal_Skin_553.png,.png
Lumpy Skin Images Dataset/Normal Skin/Normal_Skin_554.png,Normal Skin,Normal_Skin_554.png,.png
Lumpy Skin Images Dataset/Normal Skin/Normal_Skin_555.png,Normal Skin,Normal_Skin_555.png,.png
Lumpy Skin Images Dataset/Normal Skin/Normal_Skin_556.png,Normal Skin,Normal_Skin_556.png,.png
Lumpy Skin Images Dataset/Normal Skin/Normal_Skin_557.png,Normal Skin,Normal_Skin_557.png,.png
Lumpy Skin Images Dataset/Normal Skin/Normal_Skin_558.png,Normal Skin,Normal_Skin_558.png,.png
Lumpy Skin Images Dataset/Normal Skin/Normal_Skin_559.png,Normal Skin,Normal_Skin_559.png,.png
Lumpy Skin Images Dataset/Normal Skin/Normal_Skin_56.png,Normal Skin,Normal_Skin_56.png,.png
Lumpy Skin Images Dataset/Normal Skin/Normal_Skin_560.png,Normal Skin,Normal_Skin_560.png,.png
Lumpy Skin Images Dataset/Normal Skin/Normal_Skin_561.png,Normal Skin,Normal_Skin_561.png,.png
Lumpy Skin Images Dataset/Normal Skin/Normal_Skin_562.png,Normal Skin,Normal_Skin_562.png,.png
Lumpy Skin Images Dataset/Normal Skin/Normal_Skin_563.png,Normal Skin,Normal_Skin_563.png,.png
Lumpy Skin Images Dataset/Normal Skin/Normal_Skin_564.png,Normal Skin,Normal_Skin_564.png,.png
Lumpy Skin Images Dataset/Normal Skin/Normal_Skin_565.png,Normal Skin,Normal_Skin_565.png,.png
Lumpy Skin Images Dataset/Normal Skin/Normal_Skin_566.png,Normal Skin,Normal_Skin_566.png,.png
Lumpy Skin Images Dataset/Normal Skin/Normal_Skin_567.png,Normal Skin,Normal_Skin_567.png,.png
Lumpy Skin Images Dataset/Normal Skin/Normal_Skin_568.png,Normal Skin,Normal_Skin_568.png,.png
Lumpy Skin Images Dataset/Normal Skin/Normal_Skin_569.png,Normal Skin,Normal_Skin_569.png,.png
Lumpy Skin Images Dataset/Normal Skin/Normal_Skin_57.png,Normal Skin,Normal_Skin_57.png,.png
Lumpy Skin Images Dataset/Normal Skin/Normal_Skin_570.png,Normal Skin,Normal_Skin_570.png,.png
Lumpy Skin Images Dataset/Normal Skin/Normal_Skin_571.png,Normal Skin,Normal_Skin_571.png,.png
Lumpy Skin Images Dataset/Normal Skin/Normal_Skin_572.png,Normal Skin,Normal_Skin_572.png,.png
Lumpy Skin Images Dataset/Normal Skin/Normal_Skin_573.png,Normal Skin,Normal_Skin_573.png,.png
Lumpy Skin Images Dataset/Normal Skin/Normal_Skin_574.png,Normal Skin,Normal_Skin_574.png,.png
Lumpy Skin Images Dataset/Normal Skin/Normal_Skin_575.png,Normal Skin,Normal_Skin_575.png,.png
Lumpy Skin Images Dataset/Normal Skin/Normal_Skin_576.png,Normal Skin,Normal_Skin_576.png,.png
Lumpy Skin Images Dataset/Normal Skin/Normal_Skin_577.png,Normal Skin,Normal_Skin_577.png,.png
Lumpy Skin Images Dataset/Normal Skin/Normal_Skin_578.png,Normal Skin,Normal_Skin_578.png,.png
Lumpy Skin Images Dataset/Normal Skin/Normal_Skin_579.png,Normal Skin,Normal_Skin_579.png,.png
Lumpy Skin Images Dataset/Normal Skin/Normal_Skin_58.png,Normal Skin,Normal_Skin_58.png,.png
Lumpy Skin Images Dataset/Normal Skin/Normal_Skin_580.png,Normal Skin,Normal_Skin_580.png,.png
Lumpy Skin Images Dataset/Normal Skin/Normal_Skin_581.png,Normal Skin,Normal_Skin_581.png,.png
Lumpy Skin Images Dataset/Normal Skin/Normal_Skin_582.png,Normal Skin,Normal_Skin_582.png,.png
Lumpy Skin Images Dataset/Normal Skin/Normal_Skin_583.png,Normal Skin,Normal_Skin_583.png,.png
Lumpy Skin Images Dataset/Normal Skin/Normal_Skin_584.png,Normal Skin,Normal_Skin_584.png,.png
Lumpy Skin Images Dataset/Normal Skin/Normal_Skin_585.png,Normal Skin,Normal_Skin_585.png,.png
Lumpy Skin Images Dataset/Normal Skin/Normal_Skin_586.png,Normal Skin,Normal_Skin_586.png,.png
Lumpy Skin Images Dataset/Normal Skin/Normal_Skin_587.png,Normal Skin,Normal_Skin_587.png,.png
Lumpy Skin Images Dataset/Normal Skin/Normal_Skin_588.png,Normal Skin,Normal_Skin_588.png,.png
Lumpy Skin Images Dataset/Normal Skin/Normal_Skin_589.png,Normal Skin,Normal_Skin_589.png,.png
Lumpy Skin Images Dataset/Normal Skin/Normal_Skin_59.png,Normal Skin,Normal_Skin_59.png,.png
Lumpy Skin Images Dataset/Normal Skin/Normal_Skin_590.png,Normal Skin,Normal_Skin_590.png,.png
Lumpy Skin Images Dataset/Normal Skin/Normal_Skin_591.png,Normal Skin,Normal_Skin_591.png,.png
Lumpy Skin Images Dataset/Normal Skin/Normal_Skin_592.png,Normal Skin,Normal_Skin_592.png,.png
Lumpy Skin Images Dataset/Normal Skin/Normal_Skin_593.png,Normal Skin,Normal_Skin_593.png,.png
Lumpy Skin Images Dataset/Normal Skin/Normal_Skin_594.png,Normal Skin,Normal_Skin_594.png,.png
Lumpy Skin Images Dataset/Normal Skin/Normal_Skin_595.png,Normal Skin,Normal_Skin_595.png,.png
Lumpy Skin Images Dataset/Normal Skin/Normal_Skin_596.png,Normal Skin,Normal_Skin_596.png,.png
Lumpy Skin Images Dataset/Normal Skin/Normal_Skin_597.png,Normal Skin,Normal_Skin_597.png,.png
Lumpy Skin Images Dataset/Normal Skin/Normal_Skin_598.png,Normal Skin,Normal_Skin_598.png,.png
Lumpy Skin Images Dataset/Normal Skin/Normal_Skin_599.png,Normal Skin,Normal_Skin_599.png,.png
Lumpy Skin Images Dataset/Normal Skin/Normal_Skin_6.png,Normal Skin,Normal_Skin_6.png,.png
Lumpy Skin Images Dataset/Normal Skin/Normal_Skin_60.png,Normal Skin,Normal_Skin_60.png,.png
Lumpy Skin Images Dataset/Normal Skin/Normal_Skin_600.png,Normal Skin,Normal_Skin_600.png,.png
Lumpy Skin Images Dataset/Normal Skin/Normal_Skin_601.png,Normal Skin,Normal_Skin_601.png,.png
Lumpy Skin Images Dataset/Normal Skin/Normal_Skin_602.png,Normal Skin,Normal_Skin_602.png,.png
Lumpy Skin Images Dataset/Normal Skin/Normal_Skin_603.png,Normal Skin,Normal_Skin_603.png,.png
Lumpy Skin Images Dataset/Normal Skin/Normal_Skin_604.png,Normal Skin,Normal_Skin_604.png,.png
Lumpy Skin Images Dataset/Normal Skin/Normal_Skin_605.png,Normal Skin,Normal_Skin_605.png,.png
Lumpy Skin Images Dataset/Normal Skin/Normal_Skin_606.png,Normal Skin,Normal_Skin_606.png,.png
Lumpy Skin Images Dataset/Normal Skin/Normal_Skin_607.png,Normal Skin,Normal_Skin_607.png,.png
Lumpy Skin Images Dataset/Normal Skin/Normal_Skin_608.png,Normal Skin,Normal_Skin_608.png,.png
Lumpy Skin Images Dataset/Normal Skin/Normal_Skin_609.png,Normal Skin,Normal_Skin_609.png,.png
Lumpy Skin Images Dataset/Normal Skin/Normal_Skin_61.png,Normal Skin,Normal_Skin_61.png,.png
Lumpy Skin Images Dataset/Normal Skin/Normal_Skin_610.png,Normal Skin,Normal_Skin_610.png,.png
Lumpy Skin Images Dataset/Normal Skin/Normal_Skin_611.png,Normal Skin,Normal_Skin_611.png,.png
Lumpy Skin Images Dataset/Normal Skin/Normal_Skin_612.png,Normal Skin,Normal_Skin_612.png,.png
Lumpy Skin Images Dataset/Normal Skin/Normal_Skin_613.png,Normal Skin,Normal_Skin_613.png,.png
Lumpy Skin Images Dataset/Normal Skin/Normal_Skin_614.png,Normal Skin,Normal_Skin_614.png,.png
Lumpy Skin Images Dataset/Normal Skin/Normal_Skin_615.png,Normal Skin,Normal_Skin_615.png,.png
Lumpy Skin Images Dataset/Normal Skin/Normal_Skin_616.png,Normal Skin,Normal_Skin_616.png,.png
Lumpy Skin Images Dataset/Normal Skin/Normal_Skin_617.png,Normal Skin,Normal_Skin_617.png,.png
Lumpy Skin Images Dataset/Normal Skin/Normal_Skin_618.png,Normal Skin,Normal_Skin_618.png,.png
Lumpy Skin Images Dataset/Normal Skin/Normal_Skin_619.png,Normal Skin,Normal_Skin_619.png,.png
Lumpy Skin Images Dataset/Normal Skin/Normal_Skin_62.png,Normal Skin,Normal_Skin_62.png,.png
Lumpy Skin Images Dataset/Normal Skin/Normal_Skin_620.png,Normal Skin,Normal_Skin_620.png,.png
Lumpy Skin Images Dataset/Normal Skin/Normal_Skin_621.png,Normal Skin,Normal_Skin_621.png,.png
Lumpy Skin Images Dataset/Normal Skin/Normal_Skin_622.png,Normal Skin,Normal_Skin_622.png,.png
Lumpy Skin Images Dataset/Normal Skin/Normal_Skin_623.png,Normal Skin,Normal_Skin_623.png,.png
Lumpy Skin Images Dataset/Normal Skin/Normal_Skin_624.png,Normal Skin,Normal_Skin_624.png,.png
Lumpy Skin Images Dataset/Normal Skin/Normal_Skin_625.png,Normal Skin,Normal_Skin_625.png,.png
Lumpy Skin Images Dataset/Normal Skin/Normal_Skin_626.png,Normal Skin,Normal_Skin_626.png,.png
Lumpy Skin Images Dataset/Normal Skin/Normal_Skin_627.png,Normal Skin,Normal_Skin_627.png,.png
Lumpy Skin Images Dataset/Normal Skin/Normal_Skin_628.png,Normal Skin,Normal_Skin_628.png,.png
Lumpy Skin Images Dataset/Normal Skin/Normal_Skin_629.png,Normal Skin,Normal_Skin_629.png,.png
Lumpy Skin Images Dataset/Normal Skin/Normal_Skin_63.png,Normal Skin,Normal_Skin_63.png,.png
Lumpy Skin Images Dataset/Normal Skin/Normal_Skin_630.png,Normal Skin,Normal_Skin_630.png,.png
Lumpy Skin Images Dataset/Normal Skin/Normal_Skin_631.png,Normal Skin,Normal_Skin_631.png,.png
Lumpy Skin Images Dataset/Normal Skin/Normal_Skin_632.png,Normal Skin,Normal_Skin_632.png,.png
Lumpy Skin Images Dataset/Normal Skin/Normal_Skin_633.png,Normal Skin,Normal_Skin_633.png,.png
Lumpy Skin Images Dataset/Normal Skin/Normal_Skin_634.png,Normal Skin,Normal_Skin_634.png,.png
Lumpy Skin Images Dataset/Normal Skin/Normal_Skin_635.png,Normal Skin,Normal_Skin_635.png,.png
Lumpy Skin Images Dataset/Normal Skin/Normal_Skin_636.png,Normal Skin,Normal_Skin_636.png,.png
Lumpy Skin Images Dataset/Normal Skin/Normal_Skin_637.png,Normal Skin,Normal_Skin_637.png,.png
Lumpy Skin Images Dataset/Normal Skin/Normal_Skin_638.png,Normal Skin,Normal_Skin_638.png,.png
Lumpy Skin Images Dataset/Normal Skin/Normal_Skin_639.png,Normal Skin,Normal_Skin_639.png,.png
Lumpy Skin Images Dataset/Normal Skin/Normal_Skin_64.png,Normal Skin,Normal_Skin_64.png,.png
Lumpy Skin Images Dataset/Normal Skin/Normal_Skin_640.png,Normal Skin,Normal_Skin_640.png,.png
Lumpy Skin Images Dataset/Normal Skin/Normal_Skin_641.png,Normal Skin,Normal_Skin_641.png,.png
Lumpy Skin Images Dataset/Normal Skin/Normal_Skin_642.png,Normal Skin,Normal_Skin_642.png,.png
Lumpy Skin Images Dataset/Normal Skin/Normal_Skin_643.png,Normal Skin,Normal_Skin_643.png,.png
Lumpy Skin Images Dataset/Normal Skin/Normal_Skin_644.png,Normal Skin,Normal_Skin_644.png,.png
Lumpy Skin Images Dataset/Normal Skin/Normal_Skin_645.png,Normal Skin,Normal_Skin_645.png,.png
Lumpy Skin Images Dataset/Normal Skin/Normal_Skin_646.png,Normal Skin,Normal_Skin_646.png,.png
Lumpy Skin Images Dataset/Normal Skin/Normal_Skin_647.png,Normal Skin,Normal_Skin_647.png,.png
Lumpy Skin Images Dataset/Normal Skin/Normal_Skin_648.png,Normal Skin,Normal_Skin_648.png,.png
Lumpy Skin Images Dataset/Normal Skin/Normal_Skin_649.png,Normal Skin,Normal_Skin_649.png,.png
Lumpy Skin Images Dataset/Normal Skin/Normal_Skin_65.png,Normal Skin,Normal_Skin_65.png,.png
Lumpy Skin Images Dataset/Normal Skin/Normal_Skin_650.png,Normal Skin,Normal_Skin_650.png,.png
Lumpy Skin Images Dataset/Normal Skin/Normal_Skin_651.png,Normal Skin,Normal_Skin_651.png,.png
Lumpy Skin Images Dataset/Normal Skin/Normal_Skin_652.png,Normal Skin,Normal_Skin_652.png,.png
Lumpy Skin Images Dataset/Normal Skin/Normal_Skin_653.png,Normal Skin,Normal_Skin_653.png,.png
Lumpy Skin Images Dataset/Normal Skin/Normal_Skin_654.png,Normal Skin,Normal_Skin_654.png,.png
Lumpy Skin Images Dataset/Normal Skin/Normal_Skin_655.png,Normal Skin,Normal_Skin_655.png,.png
Lumpy Skin Images Dataset/Normal Skin/Normal_Skin_656.png,Normal Skin,Normal_Skin_656.png,.png
Lumpy Skin Images Dataset/Normal Skin/Normal_Skin_658.png,Normal Skin,Normal_Skin_658.png,.png
Lumpy Skin Images Dataset/Normal Skin/Normal_Skin_659.png,Normal Skin,Normal_Skin_659.png,.png
Lumpy Skin Images Dataset/Normal Skin/Normal_Skin_66.png,Normal Skin,Normal_Skin_66.png,.png
Lumpy Skin Images Dataset/Normal Skin/Normal_Skin_660.png,Normal Skin,Normal_Skin_660.png,.png
Lumpy Skin Images Dataset/Normal Skin/Normal_Skin_661.png,Normal Skin,Normal_Skin_661.png,.png
Lumpy Skin Images Dataset/Normal Skin/Normal_Skin_662.png,Normal Skin,Normal_Skin_662.png,.png
Lumpy Skin Images Dataset/Normal Skin/Normal_Skin_663.png,Normal Skin,Normal_Skin_663.png,.png
Lumpy Skin Images Dataset/Normal Skin/Normal_Skin_664.png,Normal Skin,Normal_Skin_664.png,.png
Lumpy Skin Images Dataset/Normal Skin/Normal_Skin_665.png,Normal Skin,Normal_Skin_665.png,.png
Lumpy Skin Images Dataset/Normal Skin/Normal_Skin_666.png,Normal Skin,Normal_Skin_666.png,.png
Lumpy Skin Images Dataset/Normal Skin/Normal_Skin_668.png,Normal Skin,Normal_Skin_668.png,.png
Lumpy Skin Images Dataset/Normal Skin/Normal_Skin_669.png,Normal Skin,Normal_Skin_669.png,.png
Lumpy Skin Images Dataset/Normal Skin/Normal_Skin_67.png,Normal Skin,Normal_Skin_67.png,.png
Lumpy Skin Images Dataset/Normal Skin/Normal_Skin_670.png,Normal Skin,Normal_Skin_670.png,.png
Lumpy Skin Images Dataset/Normal Skin/Normal_Skin_671.png,Normal Skin,Normal_Skin_671.png,.png
Lumpy Skin Images Dataset/Normal Skin/Normal_Skin_672.png,Normal Skin,Normal_Skin_672.png,.png
Lumpy Skin Images Dataset/Normal Skin/Normal_Skin_673.png,Normal Skin,Normal_Skin_673.png,.png
Lumpy Skin Images Dataset/Normal Skin/Normal_Skin_674.png,Normal Skin,Normal_Skin_674.png,.png
Lumpy Skin Images Dataset/Normal Skin/Normal_Skin_675.png,Normal Skin,Normal_Skin_675.png,.png
Lumpy Skin Images Dataset/Normal Skin/Normal_Skin_676.png,Normal Skin,Normal_Skin_676.png,.png
Lumpy Skin Images Dataset/Normal Skin/Normal_Skin_677_(10).png,Normal Skin,Normal_Skin_677_(10).png,.png
Lumpy Skin Images Dataset/Normal Skin/Normal_Skin_677_(6).png,Normal Skin,Normal_Skin_677_(6).png,.png
Lumpy Skin Images Dataset/Normal Skin/Normal_Skin_677_(8).png,Normal Skin,Normal_Skin_677_(8).png,.png
Lumpy Skin Images Dataset/Normal Skin/Normal_Skin_677_(9).png,Normal Skin,Normal_Skin_677_(9).png,.png
Lumpy Skin Images Dataset/Normal Skin/Normal_Skin_678.png,Normal Skin,Normal_Skin_678.png,.png
Lumpy Skin Images Dataset/Normal Skin/Normal_Skin_679.png,Normal Skin,Normal_Skin_679.png,.png
Lumpy Skin Images Dataset/Normal Skin/Normal_Skin_680.png,Normal Skin,Normal_Skin_680.png,.png
Lumpy Skin Images Dataset/Normal Skin/Normal_Skin_681.png,Normal Skin,Normal_Skin_681.png,.png
Lumpy Skin Images Dataset/Normal Skin/Normal_Skin_682.png,Normal Skin,Normal_Skin_682.png,.png
Lumpy Skin Images Dataset/Normal Skin/Normal_Skin_683.png,Normal Skin,Normal_Skin_683.png,.png
Lumpy Skin Images Dataset/Normal Skin/Normal_Skin_684.png,Normal Skin,Normal_Skin_684.png,.png
Lumpy Skin Images Dataset/Normal Skin/Normal_Skin_685.png,Normal Skin,Normal_Skin_685.png,.png
Lumpy Skin Images Dataset/Normal Skin/Normal_Skin_686.png,Normal Skin,Normal_Skin_686.png,.png
Lumpy Skin Images Dataset/Normal Skin/Normal_Skin_687.png,Normal Skin,Normal_Skin_687.png,.png
Lumpy Skin Images Dataset/Normal Skin/Normal_Skin_688.png,Normal Skin,Normal_Skin_688.png,.png
Lumpy Skin Images Dataset/Normal Skin/Normal_Skin_689.png,Normal Skin,Normal_Skin_689.png,.png
Lumpy Skin Images Dataset/Normal Skin/Normal_Skin_69.png,Normal Skin,Normal_Skin_69.png,.png
Lumpy Skin Images Dataset/Normal Skin/Normal_Skin_690.png,Normal Skin,Normal_Skin_690.png,.png
Lumpy Skin Images Dataset/Normal Skin/Normal_Skin_691.png,Normal Skin,Normal_Skin_691.png,.png
Lumpy Skin Images Dataset/Normal Skin/Normal_Skin_692.png,Normal Skin,Normal_Skin_692.png,.png
Lumpy Skin Images Dataset/Normal Skin/Normal_Skin_693.png,Normal Skin,Normal_Skin_693.png,.png
Lumpy Skin Images Dataset/Normal Skin/Normal_Skin_695.png,Normal Skin,Normal_Skin_695.png,.png
Lumpy Skin Images Dataset/Normal Skin/Normal_Skin_698.png,Normal Skin,Normal_Skin_698.png,.png
Lumpy Skin Images Dataset/Normal Skin/Normal_Skin_699.png,Normal Skin,Normal_Skin_699.png,.png
Lumpy Skin Images Dataset/Normal Skin/Normal_Skin_7.png,Normal Skin,Normal_Skin_7.png,.png
Lumpy Skin Images Dataset/Normal Skin/Normal_Skin_70.png,Normal Skin,Normal_Skin_70.png,.png
Lumpy Skin Images Dataset/Normal Skin/Normal_Skin_700.png,Normal Skin,Normal_Skin_700.png,.png
Lumpy Skin Images Dataset/Normal Skin/Normal_Skin_701.png,Normal Skin,Normal_Skin_701.png,.png
Lumpy Skin Images Dataset/Normal Skin/Normal_Skin_702.png,Normal Skin,Normal_Skin_702.png,.png
Lumpy Skin Images Dataset/Normal Skin/Normal_Skin_703.png,Normal Skin,Normal_Skin_703.png,.png
Lumpy Skin Images Dataset/Normal Skin/Normal_Skin_704.png,Normal Skin,Normal_Skin_704.png,.png
Lumpy Skin Images Dataset/Normal Skin/Normal_Skin_705.png,Normal Skin,Normal_Skin_705.png,.png
Lumpy Skin Images Dataset/Normal Skin/Normal_Skin_706.png,Normal Skin,Normal_Skin_706.png,.png
Lumpy Skin Images Dataset/Normal Skin/Normal_Skin_707.png,Normal Skin,Normal_Skin_707.png,.png
Lumpy Skin Images Dataset/Normal Skin/Normal_Skin_708.png,Normal Skin,Normal_Skin_708.png,.png
Lumpy Skin Images Dataset/Normal Skin/Normal_Skin_709.png,Normal Skin,Normal_Skin_709.png,.png
Lumpy Skin Images Dataset/Normal Skin/Normal_Skin_71.png,Normal Skin,Normal_Skin_71.png,.png
Lumpy Skin Images Dataset/Normal Skin/Normal_Skin_710.png,Normal Skin,Normal_Skin_710.png,.png
Lumpy Skin Images Dataset/Normal Skin/Normal_Skin_711.png,Normal Skin,Normal_Skin_711.png,.png
Lumpy Skin Images Dataset/Normal Skin/Normal_Skin_712.png,Normal Skin,Normal_Skin_712.png,.png
Lumpy Skin Images Dataset/Normal Skin/Normal_Skin_713.png,Normal Skin,Normal_Skin_713.png,.png
Lumpy Skin Images Dataset/Normal Skin/Normal_Skin_714.png,Normal Skin,Normal_Skin_714.png,.png
Lumpy Skin Images Dataset/Normal Skin/Normal_Skin_715.png,Normal Skin,Normal_Skin_715.png,.png
Lumpy Skin Images Dataset/Normal Skin/Normal_Skin_72.png,Normal Skin,Normal_Skin_72.png,.png
Lumpy Skin Images Dataset/Normal Skin/Normal_Skin_73.png,Normal Skin,Normal_Skin_73.png,.png
Lumpy Skin Images Dataset/Normal Skin/Normal_Skin_74.png,Normal Skin,Normal_Skin_74.png,.png
Lumpy Skin Images Dataset/Normal Skin/Normal_Skin_75.png,Normal Skin,Normal_Skin_75.png,.png
Lumpy Skin Images Dataset/Normal Skin/Normal_Skin_76.png,Normal Skin,Normal_Skin_76.png,.png
Lumpy Skin Images Dataset/Normal Skin/Normal_Skin_77.png,Normal Skin,Normal_Skin_77.png,.png
Lumpy Skin Images Dataset/Normal Skin/Normal_Skin_78.png,Normal Skin,Normal_Skin_78.png,.png
Lumpy Skin Images Dataset/Normal Skin/Normal_Skin_79.png,Normal Skin,Normal_Skin_79.png,.png
Lumpy Skin Images Dataset/Normal Skin/Normal_Skin_8.png,Normal Skin,Normal_Skin_8.png,.png
Lumpy Skin Images Dataset/Normal Skin/Normal_Skin_80.png,Normal Skin,Normal_Skin_80.png,.png
Lumpy Skin Images Dataset/Normal Skin/Normal_Skin_82.png,Normal Skin,Normal_Skin_82.png,.png
Lumpy Skin Images Dataset/Normal Skin/Normal_Skin_83.png,Normal Skin,Normal_Skin_83.png,.png
Lumpy Skin Images Dataset/Normal Skin/Normal_Skin_84.png,Normal Skin,Normal_Skin_84.png,.png
Lumpy Skin Images Dataset/Normal Skin/Normal_Skin_86.png,Normal Skin,Normal_Skin_86.png,.png
Lumpy Skin Images Dataset/Normal Skin/Normal_Skin_87.png,Normal Skin,Normal_Skin_87.png,.png
Lumpy Skin Images Dataset/Normal Skin/Normal_Skin_88.png,Normal Skin,Normal_Skin_88.png,.png
Lumpy Skin Images Dataset/Normal Skin/Normal_Skin_89.png,Normal Skin,Normal_Skin_89.png,.png
Lumpy Skin Images Dataset/Normal Skin/Normal_Skin_9.png,Normal Skin,Normal_Skin_9.png,.png
Lumpy Skin Images Dataset/Normal Skin/Normal_Skin_90.png,Normal Skin,Normal_Skin_90.png,.png
Lumpy Skin Images Dataset/Normal Skin/Normal_Skin_91.png,Normal Skin,Normal_Skin_91.png,.png
Lumpy Skin Images Dataset/Normal Skin/Normal_Skin_93.png,Normal Skin,Normal_Skin_93.png,.png
Lumpy Skin Images Dataset/Normal Skin/Normal_Skin_94.png,Normal Skin,Normal_Skin_94.png,.png
Lumpy Skin Images Dataset/Normal Skin/Normal_Skin_95.png,Normal Skin,Normal_Skin_95.png,.png
Lumpy Skin Images Dataset/Normal Skin/Normal_Skin_96.png,Normal Skin,Normal_Skin_96.png,.png
Lumpy Skin Images Dataset/Normal Skin/Normal_Skin_97.png,Normal Skin,Normal_Skin_97.png,.png
Lumpy Skin Images Dataset/Normal Skin/Normal_Skin_98.png,Normal Skin,Normal_Skin_98.png,.png
Lumpy Skin Images Dataset/Normal Skin/Normal_Skin_99.png,Normal Skin,Normal_Skin_99.png,.png
